B_Field,M_z
20.0,2.17820143699646
19.875,2.1779866218566895
19.75,2.1781516075134277
19.625,2.1791961193084717
19.5,2.1790542602539062
19.375,2.1790771484375
19.25,2.1783862113952637
19.125,2.1779696941375732
19.0,2.1776771545410156
18.875,2.1789205074310303
18.75,2.1787567138671875
18.625,2.1753017902374268
18.5,2.1779863834381104
18.375,2.176337718963623
18.25,2.1788368225097656
18.125,2.175865650177002
18.0,2.174970865249634
17.875,2.177884101867676
17.75,2.1779415607452393
17.625,2.178677797317505
17.5,2.176900625228882
17.375,2.1751344203948975
17.25,2.178035020828247
17.125,2.176424980163574
17.0,2.177072763442993
16.875,2.1774048805236816
16.75,2.176841974258423
16.625,2.175729513168335
16.5,2.176250457763672
16.375,2.174802541732788
16.25,2.1765317916870117
16.125,2.1787402629852295
16.0,2.1792831420898438
15.875,2.1773111820220947
15.75,2.1779983043670654
15.625,2.1779167652130127
15.5,2.175475835800171
15.375,2.1759865283966064
15.25,2.1767609119415283
15.125,2.175462484359741
15.0,2.1770122051239014
14.975,2.178506374359131
14.95,2.1766881942749023
14.924999999999999,2.1776199340820312
14.899999999999999,2.1762425899505615
14.874999999999998,2.1754539012908936
14.849999999999998,2.1791017055511475
14.824999999999998,2.1769297122955322
14.799999999999997,2.179338216781616
14.774999999999997,2.1783108711242676
14.749999999999996,2.178600788116455
14.724999999999996,2.179283380508423
14.699999999999996,2.178182363510132
14.674999999999995,2.176124334335327
14.649999999999995,2.1771280765533447
14.624999999999995,2.1777503490448
14.599999999999994,2.1766202449798584
14.574999999999994,2.177802324295044
14.549999999999994,2.177244186401367
14.524999999999993,2.176581859588623
14.499999999999993,2.178572177886963
14.474999999999993,2.1779143810272217
14.449999999999992,2.178114652633667
14.424999999999992,2.176424264907837
14.399999999999991,2.1785888671875
14.374999999999991,2.176421642303467
14.34999999999999,2.175571918487549
14.32499999999999,2.177246570587158
14.29999999999999,2.1766397953033447
14.27499999999999,2.1773109436035156
14.24999999999999,2.1765520572662354
14.224999999999989,2.177356481552124
14.199999999999989,2.178098440170288
14.174999999999988,2.1766295433044434
14.149999999999988,2.1782405376434326
14.124999999999988,2.177448272705078
14.099999999999987,2.17679762840271
14.074999999999987,2.1748123168945312
14.049999999999986,2.176806926727295
14.024999999999986,2.1778204441070557
13.999999999999986,2.17816424369812
13.974999999999985,2.175363540649414
13.949999999999985,2.173954486846924
13.924999999999985,2.1770195960998535
13.899999999999984,2.1797144412994385
13.874999999999984,2.176203966140747
13.849999999999984,2.1793911457061768
13.824999999999983,2.1774778366088867
13.799999999999983,2.1751554012298584
13.774999999999983,2.176577568054199
13.749999999999982,2.176114082336426
13.724999999999982,2.1765356063842773
13.699999999999982,2.176978349685669
13.674999999999981,2.1785383224487305
13.64999999999998,2.1778979301452637
13.62499999999998,2.1755592823028564
13.59999999999998,2.176968574523926
13.57499999999998,2.1755216121673584
13.54999999999998,2.175999164581299
13.524999999999979,2.1774182319641113
13.499999999999979,2.1773903369903564
13.474999999999978,2.1743886470794678
13.449999999999978,2.1755712032318115
13.424999999999978,2.174489736557007
13.399999999999977,2.1758687496185303
13.374999999999977,2.1774072647094727
13.349999999999977,2.1792030334472656
13.324999999999976,2.1789841651916504
13.299999999999976,2.1794257164001465
13.274999999999975,2.1769843101501465
13.249999999999975,2.173819065093994
13.224999999999975,2.176121234893799
13.199999999999974,2.1752583980560303
13.174999999999974,2.1775176525115967
13.149999999999974,2.1775383949279785
13.124999999999973,2.178896188735962
13.099999999999973,2.175975799560547
13.074999999999973,2.172231912612915
13.049999999999972,2.176990509033203
13.024999999999972,2.1768064498901367
12.999999999999972,2.174273729324341
12.974999999999971,2.1771395206451416
12.94999999999997,2.1769161224365234
12.92499999999997,2.1760447025299072
12.89999999999997,2.178164005279541
12.87499999999997,2.1766672134399414
12.84999999999997,2.1765613555908203
12.824999999999969,2.1748604774475098
12.799999999999969,2.1761252880096436
12.774999999999968,2.174623966217041
12.749999999999968,2.177802324295044
12.724999999999968,2.1763904094696045
12.699999999999967,2.1752495765686035
12.674999999999967,2.1749155521392822
12.649999999999967,2.1750004291534424
12.624999999999966,2.176490545272827
12.599999999999966,2.175528049468994
12.574999999999966,2.177290678024292
12.549999999999965,2.1753532886505127
12.524999999999965,2.1771326065063477
12.499999999999964,2.1750712394714355
12.474999999999964,2.175994396209717
12.449999999999964,2.17649507522583
12.424999999999963,2.1768958568573
12.399999999999963,2.1747679710388184
12.374999999999963,2.1751949787139893
12.349999999999962,2.1769580841064453
12.324999999999962,2.175718069076538
12.299999999999962,2.176093578338623
12.274999999999961,2.1748647689819336
12.249999999999961,2.175532579421997
12.22499999999996,2.176074981689453
12.19999999999996,2.173617124557495
12.17499999999996,2.1749095916748047
12.14999999999996,2.1739304065704346
12.12499999999996,2.1754939556121826
12.099999999999959,2.174246311187744
12.074999999999958,2.1749000549316406
12.049999999999958,2.1766319274902344
12.024999999999958,2.1760547161102295
11.999999999999957,2.1760826110839844
11.974999999999957,2.175957202911377
11.949999999999957,2.175663709640503
11.924999999999956,2.1777758598327637
11.899999999999956,2.175687074661255
11.874999999999956,2.1738030910491943
11.849999999999955,2.1746137142181396
11.824999999999955,2.1753337383270264
11.799999999999955,2.1753952503204346
11.774999999999954,2.1749255657196045
11.749999999999954,2.1759495735168457
11.724999999999953,2.1735942363739014
11.699999999999953,2.1746957302093506
11.674999999999953,2.1738669872283936
11.649999999999952,2.1746745109558105
11.624999999999952,2.1766774654388428
11.599999999999952,2.1727406978607178
11.574999999999951,2.1755456924438477
11.549999999999951,2.17157244682312
11.52499999999995,2.174353837966919
11.49999999999995,2.1758522987365723
11.47499999999995,2.1759097576141357
11.44999999999995,2.174626111984253
11.42499999999995,2.1758553981781006
11.399999999999949,2.175123453140259
11.374999999999948,2.176800012588501
11.349999999999948,2.1746609210968018
11.324999999999948,2.176192283630371
11.299999999999947,2.1763365268707275
11.274999999999947,2.1742753982543945
11.249999999999947,2.1763081550598145
11.224999999999946,2.1762611865997314
11.199999999999946,2.173150062561035
11.174999999999946,2.176723003387451
11.149999999999945,2.173908233642578
11.124999999999945,2.1774566173553467
11.099999999999945,2.176597833633423
11.074999999999944,2.1777102947235107
11.049999999999944,2.1739909648895264
11.024999999999944,2.174929618835449
10.999999999999943,2.1780762672424316
10.974999999999943,2.1770431995391846
10.949999999999942,2.1751255989074707
10.924999999999942,2.174283266067505
10.899999999999942,2.1750693321228027
10.874999999999941,2.1759469509124756
10.849999999999941,2.1754813194274902
10.82499999999994,2.1734061241149902
10.79999999999994,2.1725692749023438
10.77499999999994,2.175450563430786
10.74999999999994,2.173616647720337
10.72499999999994,2.175626516342163
10.699999999999939,2.1747167110443115
10.674999999999939,2.1777496337890625
10.649999999999938,2.1761817932128906
10.624999999999938,2.1754109859466553
10.599999999999937,2.175924301147461
10.574999999999937,2.1764798164367676
10.549999999999937,2.1738052368164062
10.524999999999936,2.1763925552368164
10.499999999999936,2.174699544906616
10.474999999999936,2.176292896270752
10.449999999999935,2.172126054763794
10.424999999999935,2.1754369735717773
10.399999999999935,2.1732027530670166
10.374999999999934,2.1754326820373535
10.349999999999934,2.1765389442443848
10.324999999999934,2.174574375152588
10.299999999999933,2.176734209060669
10.274999999999933,2.1731109619140625
10.249999999999932,2.1763880252838135
10.224999999999932,2.1763603687286377
10.199999999999932,2.172907590866089
10.174999999999931,2.177107334136963
10.149999999999931,2.174626588821411
10.12499999999993,2.1783783435821533
10.09999999999993,2.173929452896118
10.07499999999993,2.1728262901306152
10.04999999999993,2.1753475666046143
10.02499999999993,2.173029661178589
9.999999999999929,2.1752736568450928
9.974999999999929,2.174130916595459
9.949999999999928,2.1752634048461914
9.924999999999928,2.1751863956451416
9.899999999999928,2.1747894287109375
9.874999999999927,2.173837423324585
9.849999999999927,2.173706531524658
9.824999999999926,2.175894260406494
9.799999999999926,2.174241065979004
9.774999999999926,2.1735360622406006
9.749999999999925,2.1763648986816406
9.724999999999925,2.1772449016571045
9.699999999999925,2.1755263805389404
9.674999999999924,2.175396203994751
9.649999999999924,2.1739680767059326
9.624999999999924,2.174070358276367
9.599999999999923,2.172679901123047
9.574999999999923,2.1745569705963135
9.549999999999923,2.1752586364746094
9.524999999999922,2.1747281551361084
9.499999999999922,2.1780309677124023
9.474999999999921,2.176482677459717
9.449999999999921,2.175088882446289
9.42499999999992,2.1749298572540283
9.39999999999992,2.1745235919952393
9.37499999999992,2.1740951538085938
9.34999999999992,2.1736254692077637
9.32499999999992,2.1733920574188232
9.299999999999919,2.174628257751465
9.274999999999919,2.173772096633911
9.249999999999918,2.1730575561523438
9.224999999999918,2.1754391193389893
9.199999999999918,2.1759419441223145
9.174999999999917,2.1760449409484863
9.149999999999917,2.173757791519165
9.124999999999917,2.1746203899383545
9.099999999999916,2.174574375152588
9.074999999999916,2.1729795932769775
9.049999999999915,2.175095796585083
9.024999999999915,2.174398183822632
8.999999999999915,2.1723270416259766
8.974999999999914,2.174351692199707
8.949999999999914,2.1744790077209473
8.924999999999914,2.177793264389038
8.899999999999913,2.175755023956299
8.874999999999913,2.173569917678833
8.849999999999913,2.1769402027130127
8.824999999999912,2.172550916671753
8.799999999999912,2.171537160873413
8.774999999999912,2.174755573272705
8.749999999999911,2.1759989261627197
8.72499999999991,2.1759188175201416
8.69999999999991,2.1754953861236572
8.67499999999991,2.1740458011627197
8.64999999999991,2.17463755607605
8.62499999999991,2.1740434169769287
8.599999999999909,2.175990581512451
8.574999999999909,2.1761322021484375
8.549999999999908,2.1713554859161377
8.524999999999908,2.1750247478485107
8.499999999999908,2.175821304321289
8.474999999999907,2.1737723350524902
8.449999999999907,2.17391037940979
8.424999999999907,2.1771953105926514
8.399999999999906,2.172659158706665
8.374999999999906,2.172455072402954
8.349999999999905,2.175048828125
8.324999999999905,2.1739742755889893
8.299999999999905,2.1743695735931396
8.274999999999904,2.1716830730438232
8.249999999999904,2.170732259750366
8.224999999999904,2.1773104667663574
8.199999999999903,2.174633026123047
8.174999999999903,2.1747524738311768
8.149999999999903,2.174227237701416
8.124999999999902,2.174990177154541
8.099999999999902,2.1759297847747803
8.074999999999902,2.1762664318084717
8.049999999999901,2.175213098526001
8.0249999999999,2.175520896911621
7.9999999999999005,2.171090841293335
7.9749999999999,2.175030469894409
7.9499999999999,2.1739704608917236
7.9249999999998995,2.174933910369873
7.899999999999899,2.174517869949341
7.874999999999899,2.175072431564331
7.849999999999898,2.173877000808716
7.824999999999898,2.17460036277771
7.799999999999898,2.175124168395996
7.774999999999897,2.174772262573242
7.749999999999897,2.1739256381988525
7.724999999999897,2.174574375152588
7.699999999999896,2.1758968830108643
7.674999999999896,2.174194097518921
7.6499999999998956,2.173393487930298
7.624999999999895,2.1745526790618896
7.599999999999895,2.174215078353882
7.5749999999998945,2.1748764514923096
7.549999999999894,2.175629138946533
7.524999999999894,2.1751010417938232
7.499999999999893,2.175967216491699
7.474999999999893,2.176555633544922
7.449999999999893,2.173753499984741
7.424999999999892,2.173886775970459
7.399999999999892,2.174315929412842
7.374999999999892,2.1749589443206787
7.349999999999891,2.17411732673645
7.324999999999891,2.1771886348724365
7.299999999999891,2.176034450531006
7.27499999999989,2.1752445697784424
7.24999999999989,2.173290729522705
7.2249999999998895,2.1738574504852295
7.199999999999889,2.171769380569458
7.174999999999889,2.1745457649230957
7.1499999999998884,2.1750288009643555
7.124999999999888,2.1753902435302734
7.099999999999888,2.1763155460357666
7.074999999999887,2.1735734939575195
7.049999999999887,2.176164388656616
7.024999999999887,2.1735904216766357
6.999999999999886,2.1743669509887695
6.974999999999886,2.1741573810577393
6.949999999999886,2.174020767211914
6.924999999999885,2.174612283706665
6.899999999999885,2.174309492111206
6.8749999999998845,2.1728429794311523
6.849999999999884,2.1734209060668945
6.824999999999884,2.173396110534668
6.7999999999998835,2.1760878562927246
6.774999999999883,2.176959753036499
6.749999999999883,2.1741883754730225
6.724999999999882,2.174738645553589
6.699999999999882,2.1717517375946045
6.674999999999882,2.1722874641418457
6.649999999999881,2.1723859310150146
6.624999999999881,2.1729531288146973
6.599999999999881,2.173595428466797
6.57499999999988,2.17397141456604
6.54999999999988,2.1717641353607178
6.52499999999988,2.1697497367858887
6.499999999999879,2.173671245574951
6.474999999999879,2.1694114208221436
6.4499999999998785,2.173970937728882
6.424999999999878,2.1720564365386963
6.399999999999878,2.170938491821289
6.374999999999877,2.1713576316833496
6.349999999999877,2.1725826263427734
6.324999999999877,2.1735284328460693
6.299999999999876,2.1746716499328613
6.274999999999876,2.1710550785064697
6.249999999999876,2.1737403869628906
6.224999999999875,2.171175003051758
6.199999999999875,2.1728217601776123
6.174999999999875,2.173919439315796
6.149999999999874,2.174884080886841
6.124999999999874,2.1723554134368896
6.0999999999998735,2.1737380027770996
6.074999999999873,2.171254873275757
6.049999999999873,2.172093629837036
6.0249999999998725,2.172572135925293
5.999999999999872,2.173621892929077
5.974999999999872,2.173832654953003
5.949999999999871,2.173037052154541
5.924999999999871,2.1740379333496094
5.899999999999871,2.173099994659424
5.87499999999987,2.175657272338867
5.84999999999987,2.173205614089966
5.82499999999987,2.1713624000549316
5.799999999999869,2.1706736087799072
5.774999999999869,2.1762826442718506
5.7499999999998685,2.17372465133667
5.724999999999868,2.170990467071533
5.699999999999868,2.1752374172210693
5.6749999999998675,2.172973394393921
5.649999999999867,2.169973850250244
5.624999999999867,2.1724324226379395
5.599999999999866,2.1731162071228027
5.574999999999866,2.1723902225494385
5.549999999999866,2.1727871894836426
5.524999999999865,2.1723575592041016
5.499999999999865,2.174145460128784
5.474999999999865,2.172668695449829
5.449999999999864,2.173877716064453
5.424999999999864,2.1737136840820312
5.399999999999864,2.1727046966552734
5.374999999999863,2.173452854156494
5.349999999999863,2.1721577644348145
5.3249999999998625,2.174955368041992
5.299999999999862,2.1731650829315186
5.274999999999862,2.172205686569214
5.2499999999998614,2.1738054752349854
5.224999999999861,2.175121784210205
5.199999999999861,2.1728365421295166
5.17499999999986,2.172870397567749
5.14999999999986,2.1728999614715576
5.12499999999986,2.1734442710876465
5.099999999999859,2.1724228858947754
5.074999999999859,2.171689987182617
5.049999999999859,2.1732301712036133
5.024999999999858,2.1744587421417236
4.999999999999858,2.1712589263916016
4.9749999999998575,2.173499345779419
4.949999999999857,2.1674416065216064
4.924999999999857,2.1697771549224854
4.8999999999998565,2.1710493564605713
4.874999999999856,2.169882297515869
4.849999999999856,2.172426700592041
4.824999999999855,2.171790361404419
4.799999999999855,2.1709954738616943
4.774999999999855,2.1734681129455566
4.749999999999854,2.1740639209747314
4.724999999999854,2.172304153442383
4.699999999999854,2.173325300216675
4.674999999999853,2.171440839767456
4.649999999999853,2.172483444213867
4.624999999999853,2.170945644378662
4.599999999999852,2.173494577407837
4.574999999999852,2.168874502182007
4.5499999999998515,2.1721720695495605
4.524999999999851,2.1751434803009033
4.499999999999851,2.172518730163574
4.47499999999985,2.1713507175445557
4.44999999999985,2.1719655990600586
4.42499999999985,2.1729464530944824
4.399999999999849,2.1736345291137695
4.374999999999849,2.170558452606201
4.349999999999849,2.1719493865966797
4.324999999999848,2.1726789474487305
4.299999999999848,2.1721725463867188
4.274999999999848,2.174715518951416
4.249999999999847,2.17446231842041
4.224999999999847,2.1758198738098145
4.1999999999998465,2.1708059310913086
4.174999999999846,2.1724658012390137
4.149999999999846,2.169187307357788
4.1249999999998455,2.1714134216308594
4.099999999999845,2.171069860458374
4.074999999999845,2.1743969917297363
4.049999999999844,2.1716675758361816
4.024999999999844,2.17189884185791
3.9999999999998437,2.1698334217071533
3.9749999999998433,2.1698927879333496
3.949999999999843,2.169564962387085
3.9249999999998426,2.168642520904541
3.8999999999998423,2.1716761589050293
3.874999999999842,2.170062780380249
3.8499999999998415,2.172640562057495
3.824999999999841,2.171201705932617
3.799999999999841,2.168203830718994
3.7749999999998405,2.171943426132202
3.74999999999984,2.1697657108306885
3.7249999999998398,2.1735892295837402
3.6999999999998394,2.1725361347198486
3.674999999999839,2.1688437461853027
3.6499999999998387,2.1695287227630615
3.6249999999998384,2.173830270767212
3.599999999999838,2.171907424926758
3.5749999999998376,2.170457124710083
3.5499999999998373,2.170222043991089
3.524999999999837,2.1726174354553223
3.4999999999998366,2.171353816986084
3.474999999999836,2.169496536254883
3.449999999999836,2.168524980545044
3.4249999999998355,2.171029567718506
3.399999999999835,2.1695613861083984
3.374999999999835,2.169548511505127
3.3499999999998344,2.168390989303589
3.324999999999834,2.1670680046081543
3.2999999999998337,2.1729609966278076
3.2749999999998334,2.1714699268341064
3.249999999999833,2.1698670387268066
3.2249999999998327,2.173208713531494
3.1999999999998323,2.170191764831543
3.174999999999832,2.1709113121032715
3.1499999999998316,2.1695103645324707
3.1249999999998312,2.1728413105010986
3.099999999999831,2.1714022159576416
3.0749999999998305,2.1710891723632812
3.04999999999983,2.1139438152313232
3.02499999999983,2.170725107192993
2.9999999999998295,2.170844793319702
2.974999999999829,2.169957160949707
2.9499999999998288,2.169201612472534
2.9249999999998284,2.1200973987579346
2.899999999999828,2.168940544128418
2.8749999999998277,2.1688497066497803
2.8499999999998273,2.1700544357299805
2.824999999999827,2.1146645545959473
2.7999999999998266,2.1659133434295654
2.7749999999998263,2.168990135192871
2.749999999999826,2.170397996902466
2.7249999999998256,2.169893741607666
2.699999999999825,2.170933961868286
2.674999999999825,2.170856237411499
2.6499999999998245,2.1670525074005127
2.624999999999824,2.1683595180511475
2.599999999999824,2.1699817180633545
2.5749999999998234,2.167107105255127
2.549999999999823,2.172520637512207
2.5249999999998227,2.171692371368408
2.4999999999998224,2.172370195388794
2.474999999999822,2.119711399078369
2.4499999999998217,2.1674771308898926
2.4249999999998213,2.1712334156036377
2.399999999999821,2.1690104007720947
2.3749999999998206,2.0651025772094727
2.3499999999998202,2.0649383068084717
2.32499999999982,2.0631611347198486
2.2999999999998195,2.0622596740722656
2.274999999999819,2.008951187133789
2.249999999999819,2.0635366439819336
2.2249999999998185,2.008955240249634
2.199999999999818,2.007627248764038
2.1749999999998177,2.007150411605835
2.1499999999998174,2.059769868850708
2.124999999999817,2.0604169368743896
2.0999999999998167,1.951760172843933
2.0749999999998163,2.061389923095703
2.049999999999816,1.9558002948760986
2.0249999999998156,2.0133354663848877
1.9999999999998153,2.007789373397827
1.974999999999815,2.011453151702881
1.9499999999998145,1.9567161798477173
1.9249999999998142,1.955181360244751
1.8999999999998138,1.8971682786941528
1.8749999999998135,1.9008194208145142
1.8499999999998131,1.902324914932251
1.8249999999998128,1.9563772678375244
1.7999999999998124,1.847131371498108
1.774999999999812,1.848143219947815
1.7499999999998117,1.8400137424468994
1.7249999999998114,1.8439335823059082
1.699999999999811,1.8458181619644165
1.6749999999998106,1.7912014722824097
1.6499999999998103,1.7894766330718994
1.62499999999981,1.791722297668457
1.5999999999998096,1.7358407974243164
1.5749999999998092,1.8448410034179688
1.5499999999998089,1.7937067747116089
1.5249999999998085,1.7402650117874146
1.4999999999998082,1.7397985458374023
1.4749999999998078,1.7928651571273804
1.4499999999998074,1.7358065843582153
1.424999999999807,1.7369790077209473
1.3999999999998067,1.7365208864212036
1.3749999999998064,1.6314407587051392
1.349999999999806,1.4607601165771484
1.3249999999998057,1.518019676208496
1.2999999999998053,1.5214647054672241
1.274999999999805,1.4654933214187622
1.2499999999998046,1.4655094146728516
1.2249999999998042,1.4076709747314453
1.199999999999804,1.4625953435897827
1.1749999999998035,1.46815824508667
1.1499999999998032,1.4632383584976196
1.1249999999998028,1.463159441947937
1.0999999999998025,1.465289831161499
1.0749999999998021,1.3043322563171387
1.0499999999998018,1.409751534461975
1.0249999999998014,1.1402370929718018
0.999999999999801,1.1391316652297974
0.9749999999998007,1.1417028903961182
0.9499999999998003,1.0300731658935547
0.9249999999998,1.0859848260879517
0.8999999999997996,1.082796573638916
0.8749999999997993,1.0300395488739014
0.8499999999997989,1.0286964178085327
0.8249999999997986,1.034261703491211
0.7999999999997982,1.0313087701797485
0.7749999999997979,1.0359450578689575
0.7499999999997975,0.9786710739135742
0.7249999999997971,0.9209118485450745
0.6999999999997968,0.9815492033958435
0.6749999999997964,0.9231653809547424
0.6499999999997961,0.9240398406982422
0.6249999999997957,0.9155630469322205
0.5999999999997954,0.9222472310066223
0.574999999999795,0.8710294365882874
0.5499999999997947,0.8702048659324646
0.5249999999997943,0.9231687188148499
0.49999999999979394,0.9234367609024048
0.4749999999997936,0.9211117029190063
0.44999999999979323,0.922956109046936
0.4249999999997929,0.86893630027771
0.3999999999997925,0.8686313033103943
0.37499999999979217,0.9210774898529053
0.3499999999997918,0.8680703639984131
0.32499999999979146,0.4892163872718811
0.2999999999997911,0.5470653772354126
0.27499999999979075,0.5423360466957092
0.2499999999997904,0.5460355281829834
0.22499999999979003,0.49118366837501526
0.19999999999978968,0.48887890577316284
0.17499999999978932,0.49141186475753784
0.14999999999978897,0.49083903431892395
0.12499999999978861,0.5400325059890747
0.09999999999978826,0.5451716184616089
0.0749999999997879,0.380871444940567
0.04999999999978755,0.38352882862091064
0.024999999999787192,0.2730732858181
-2.1316282072803006e-13,0.21453087031841278
-0.025000000000213518,0.17014186084270477
-0.05000000000021387,0.11181075125932693
-0.07500000000021423,0.050147779285907745
-0.10000000000021458,0.002399289282038808
-0.12500000000021494,0.054193779826164246
-0.1500000000002153,7.959444337757304e-05
-0.17500000000021565,0.05429292097687721
-0.200000000000216,0.054395269602537155
-0.22500000000021636,-0.0030370508320629597
-0.2500000000002167,-0.048850852996110916
-0.27500000000021707,0.004532379098236561
-0.3000000000002174,0.0036701075732707977
-0.3250000000002178,-0.1042633131146431
-0.35000000000021814,-0.10289596021175385
-0.3750000000002185,0.0011426506098359823
-0.40000000000021885,-0.10965578258037567
-0.4250000000002192,-0.10530082881450653
-0.45000000000021956,-0.16038866341114044
-0.4750000000002199,-0.16227351129055023
-0.5000000000002203,-0.21694113314151764
-0.5250000000002206,-0.2141200453042984
-0.550000000000221,-0.21767212450504303
-0.5750000000002213,-0.32608991861343384
-0.6000000000002217,-0.2708589732646942
-0.625000000000222,-0.270974725484848
-0.6500000000002224,-0.1664266735315323
-0.6750000000002228,-0.26677989959716797
-0.7000000000002231,-0.21937060356140137
-0.7250000000002235,-0.2164739966392517
-0.7500000000002238,-0.2693307101726532
-0.7750000000002242,-0.22239838540554047
-0.8000000000002245,-0.2710803151130676
-0.8250000000002249,-0.2160050868988037
-0.8500000000002252,-0.2745920717716217
-0.8750000000002256,-0.21608050167560577
-0.900000000000226,-0.3227444589138031
-0.9250000000002263,-0.3265520930290222
-0.9500000000002267,-0.43266674876213074
-0.975000000000227,-0.4322606325149536
-1.0000000000002274,-0.8623272180557251
-1.0250000000002277,-0.8179983496665955
-1.050000000000228,-0.7594282031059265
-1.0750000000002284,-0.9276291728019714
-1.1000000000002288,-0.9775696992874146
-1.1250000000002292,-0.9270287156105042
-1.1500000000002295,-0.9202032089233398
-1.1750000000002299,-1.0307848453521729
-1.2000000000002302,-1.0900484323501587
-1.2250000000002306,-1.0904858112335205
-1.250000000000231,-1.0370006561279297
-1.2750000000002313,-1.1975178718566895
-1.3000000000002316,-1.0324853658676147
-1.325000000000232,-1.1380846500396729
-1.3500000000002323,-1.1915218830108643
-1.3750000000002327,-1.1941992044448853
-1.400000000000233,-1.0301952362060547
-1.4250000000002334,-1.1912914514541626
-1.4500000000002338,-1.2514691352844238
-1.4750000000002341,-1.2514195442199707
-1.5000000000002345,-1.4606943130493164
-1.5250000000002348,-1.5162537097930908
-1.5500000000002352,-1.46518075466156
-1.5750000000002355,-1.4668346643447876
-1.600000000000236,-1.5174305438995361
-1.6250000000002363,-1.5214568376541138
-1.6500000000002366,-1.5129971504211426
-1.675000000000237,-1.8351188898086548
-1.7000000000002373,-1.8414008617401123
-1.7250000000002377,-1.8936585187911987
-1.750000000000238,-1.8407193422317505
-1.7750000000002384,-1.8986589908599854
-1.8000000000002387,-1.8978747129440308
-1.825000000000239,-1.8945776224136353
-1.8500000000002395,-1.8969173431396484
-1.8750000000002398,-1.8937747478485107
-1.9000000000002402,-1.9489459991455078
-1.9250000000002405,-1.9007915258407593
-1.9500000000002409,-1.9511419534683228
-1.9750000000002412,-1.900337815284729
-2.0000000000002416,-1.8980392217636108
-2.025000000000242,-2.008610725402832
-2.0500000000002423,-1.895695447921753
-2.0750000000002427,-1.9531090259552002
-2.100000000000243,-1.9521492719650269
-2.1250000000002434,-1.9497625827789307
-2.1500000000002437,-2.0086612701416016
-2.175000000000244,-2.008117914199829
-2.2000000000002444,-1.952290654182434
-2.225000000000245,-1.9493523836135864
-2.250000000000245,-1.9508684873580933
-2.2750000000002455,-2.1150174140930176
-2.300000000000246,-2.065422534942627
-2.325000000000246,-2.0092358589172363
-2.3500000000002466,-2.110255002975464
-2.375000000000247,-2.1120221614837646
-2.4000000000002473,-2.1683151721954346
-2.4250000000002476,-2.1699306964874268
-2.450000000000248,-2.057330369949341
-2.4750000000002483,-2.116844415664673
-2.5000000000002487,-2.1669280529022217
-2.525000000000249,-2.1653215885162354
-2.5500000000002494,-2.1688101291656494
-2.5750000000002498,-2.1140315532684326
-2.60000000000025,-2.11427903175354
-2.6250000000002505,-2.1156203746795654
-2.650000000000251,-2.112318754196167
-2.675000000000251,-2.1686182022094727
-2.7000000000002515,-2.1651110649108887
-2.725000000000252,-2.1694021224975586
-2.7500000000002522,-2.168637275695801
-2.7750000000002526,-2.169872999191284
-2.800000000000253,-2.1684486865997314
-2.8250000000002533,-2.1681833267211914
-2.8500000000002537,-2.1728036403656006
-2.875000000000254,-2.1644861698150635
-2.9000000000002544,-2.171861171722412
-2.9250000000002547,-2.169952154159546
-2.950000000000255,-2.1689867973327637
-2.9750000000002554,-2.1670989990234375
-3.000000000000256,-2.1700286865234375
-3.025000000000256,-2.1676316261291504
-3.0500000000002565,-2.1674351692199707
-3.075000000000257,-2.170958995819092
-3.100000000000257,-2.167431354522705
-3.1250000000002576,-2.170213460922241
-3.150000000000258,-2.1707141399383545
-3.1750000000002583,-2.1716105937957764
-3.2000000000002586,-2.1708602905273438
-3.225000000000259,-2.1733365058898926
-3.2500000000002593,-2.17020320892334
-3.2750000000002597,-2.1673247814178467
-3.30000000000026,-2.1698930263519287
-3.3250000000002604,-2.168384552001953
-3.3500000000002608,-2.166184663772583
-3.375000000000261,-2.1661622524261475
-3.4000000000002615,-2.1696412563323975
-3.425000000000262,-2.171330213546753
-3.450000000000262,-2.168750047683716
-3.4750000000002625,-2.167710304260254
-3.500000000000263,-2.1697585582733154
-3.5250000000002633,-2.1706526279449463
-3.5500000000002636,-2.1687774658203125
-3.575000000000264,-2.171569347381592
-3.6000000000002643,-2.1688125133514404
-3.6250000000002647,-2.171011209487915
-3.650000000000265,-2.165567398071289
-3.6750000000002654,-2.171300172805786
-3.7000000000002657,-2.167184352874756
-3.725000000000266,-2.169664144515991
-3.7500000000002665,-2.1693832874298096
-3.775000000000267,-2.172520637512207
-3.800000000000267,-2.1680593490600586
-3.8250000000002675,-2.1683502197265625
-3.850000000000268,-2.1691226959228516
-3.8750000000002682,-2.1656851768493652
-3.9000000000002686,-2.1708946228027344
-3.925000000000269,-2.170602321624756
-3.9500000000002693,-2.1700687408447266
-3.9750000000002697,-2.1725475788116455
-4.00000000000027,-2.170374870300293
-4.02500000000027,-2.1660783290863037
-4.050000000000271,-2.168858528137207
-4.075000000000271,-2.169036626815796
-4.100000000000271,-2.1720786094665527
-4.125000000000272,-2.171867847442627
-4.150000000000272,-2.170738935470581
-4.1750000000002725,-2.169497489929199
-4.200000000000273,-2.169863700866699
-4.225000000000273,-2.167548179626465
-4.250000000000274,-2.168121337890625
-4.275000000000274,-2.1684226989746094
-4.300000000000274,-2.1695058345794678
-4.325000000000275,-2.1671876907348633
-4.350000000000275,-2.171761989593506
-4.375000000000275,-2.169786214828491
-4.400000000000276,-2.171187400817871
-4.425000000000276,-2.173292398452759
-4.450000000000276,-2.1689109802246094
-4.475000000000277,-2.1720848083496094
-4.500000000000277,-2.1702728271484375
-4.5250000000002775,-2.1710100173950195
-4.550000000000278,-2.1669013500213623
-4.575000000000278,-2.1705410480499268
-4.6000000000002785,-2.168109655380249
-4.625000000000279,-2.17021107673645
-4.650000000000279,-2.1705434322357178
-4.67500000000028,-2.17151141166687
-4.70000000000028,-2.1689953804016113
-4.72500000000028,-2.167238712310791
-4.750000000000281,-2.169537305831909
-4.775000000000281,-2.1713244915008545
-4.800000000000281,-2.170667886734009
-4.825000000000282,-2.1686434745788574
-4.850000000000282,-2.168783664703369
-4.875000000000282,-2.1684350967407227
-4.900000000000283,-2.1729729175567627
-4.925000000000283,-2.1691536903381348
-4.9500000000002835,-2.172430992126465
-4.975000000000284,-2.1714179515838623
-5.000000000000284,-2.1682863235473633
-5.025000000000285,-2.1674158573150635
-5.050000000000285,-2.1668457984924316
-5.075000000000285,-2.17266845703125
-5.100000000000286,-2.171621561050415
-5.125000000000286,-2.171475887298584
-5.150000000000286,-2.169677495956421
-5.175000000000287,-2.1717777252197266
-5.200000000000287,-2.172207832336426
-5.225000000000287,-2.1728782653808594
-5.250000000000288,-2.1721596717834473
-5.275000000000288,-2.1709773540496826
-5.3000000000002885,-2.1748082637786865
-5.325000000000289,-2.167118549346924
-5.350000000000289,-2.1694047451019287
-5.3750000000002895,-2.171752691268921
-5.40000000000029,-2.171405076980591
-5.42500000000029,-2.1709134578704834
-5.450000000000291,-2.1730875968933105
-5.475000000000291,-2.1709108352661133
-5.500000000000291,-2.1702473163604736
-5.525000000000292,-2.171802282333374
-5.550000000000292,-2.1707160472869873
-5.575000000000292,-2.171135425567627
-5.600000000000293,-2.170398712158203
-5.625000000000293,-2.169200897216797
-5.6500000000002935,-2.1713919639587402
-5.675000000000294,-2.1681089401245117
-5.700000000000294,-2.1733787059783936
-5.7250000000002945,-2.1713836193084717
-5.750000000000295,-2.170668125152588
-5.775000000000295,-2.1713788509368896
-5.800000000000296,-2.1725265979766846
-5.825000000000296,-2.1731512546539307
-5.850000000000296,-2.1728568077087402
-5.875000000000297,-2.172822952270508
-5.900000000000297,-2.1680681705474854
-5.925000000000297,-2.170816421508789
-5.950000000000298,-2.171684503555298
-5.975000000000298,-2.170605421066284
-6.000000000000298,-2.170384168624878
-6.025000000000299,-2.167320966720581
-6.050000000000299,-2.1714985370635986
-6.0750000000002995,-2.1712591648101807
-6.1000000000003,-2.171841859817505
-6.1250000000003,-2.1711082458496094
-6.150000000000301,-2.170774459838867
-6.175000000000301,-2.1707301139831543
-6.200000000000301,-2.171858310699463
-6.225000000000302,-2.1745986938476562
-6.250000000000302,-2.172045946121216
-6.275000000000302,-2.168994426727295
-6.300000000000303,-2.169623851776123
-6.325000000000303,-2.1732163429260254
-6.350000000000303,-2.172013998031616
-6.375000000000304,-2.1712095737457275
-6.400000000000304,-2.171849250793457
-6.4250000000003045,-2.1719584465026855
-6.450000000000305,-2.1737096309661865
-6.475000000000305,-2.1724700927734375
-6.5000000000003055,-2.1726109981536865
-6.525000000000306,-2.173015594482422
-6.550000000000306,-2.17285418510437
-6.575000000000307,-2.1700637340545654
-6.600000000000307,-2.1731531620025635
-6.625000000000307,-2.1675989627838135
-6.650000000000308,-2.171483278274536
-6.675000000000308,-2.1707353591918945
-6.700000000000308,-2.1718990802764893
-6.725000000000309,-2.1701457500457764
-6.750000000000309,-2.171971082687378
-6.775000000000309,-2.1712937355041504
-6.80000000000031,-2.1707513332366943
-6.82500000000031,-2.1741883754730225
-6.8500000000003105,-2.1724889278411865
-6.875000000000311,-2.172734498977661
-6.900000000000311,-2.1739423274993896
-6.925000000000312,-2.174165964126587
-6.950000000000312,-2.171355724334717
-6.975000000000312,-2.1719982624053955
-7.000000000000313,-2.1711745262145996
-7.025000000000313,-2.1722967624664307
-7.050000000000313,-2.1694300174713135
-7.075000000000314,-2.171868085861206
-7.100000000000314,-2.171227216720581
-7.125000000000314,-2.172637462615967
-7.150000000000315,-2.1708264350891113
-7.175000000000315,-2.171455144882202
-7.2000000000003155,-2.173884153366089
-7.225000000000316,-2.1739773750305176
-7.250000000000316,-2.172823429107666
-7.2750000000003165,-2.171562910079956
-7.300000000000317,-2.1710426807403564
-7.325000000000317,-2.1735873222351074
-7.350000000000318,-2.1697335243225098
-7.375000000000318,-2.1726207733154297
-7.400000000000318,-2.173785448074341
-7.425000000000319,-2.175022602081299
-7.450000000000319,-2.1744017601013184
-7.475000000000319,-2.174417018890381
-7.50000000000032,-2.172046184539795
-7.52500000000032,-2.1717405319213867
-7.5500000000003205,-2.173438549041748
-7.575000000000321,-2.1737115383148193
-7.600000000000321,-2.1743407249450684
-7.6250000000003215,-2.170759916305542
-7.650000000000322,-2.1697497367858887
-7.675000000000322,-2.170966386795044
-7.700000000000323,-2.1704509258270264
-7.725000000000323,-2.169477701187134
-7.750000000000323,-2.1737401485443115
-7.775000000000324,-2.1736936569213867
-7.800000000000324,-2.173994541168213
-7.825000000000324,-2.17138409614563
-7.850000000000325,-2.170863628387451
-7.875000000000325,-2.1742498874664307
-7.900000000000325,-2.171365737915039
-7.925000000000326,-2.1720216274261475
-7.950000000000326,-2.1709439754486084
-7.9750000000003265,-2.173668146133423
-8.000000000000327,-2.1724205017089844
-8.025000000000327,-2.170682907104492
-8.050000000000328,-2.1712210178375244
-8.075000000000328,-2.1712117195129395
-8.100000000000328,-2.171808958053589
-8.125000000000329,-2.169330596923828
-8.150000000000329,-2.172907590866089
-8.17500000000033,-2.171372175216675
-8.20000000000033,-2.173570394515991
-8.22500000000033,-2.173628807067871
-8.25000000000033,-2.1742806434631348
-8.27500000000033,-2.1709303855895996
-8.300000000000331,-2.1690356731414795
-8.325000000000331,-2.172997236251831
-8.350000000000332,-2.1679906845092773
-8.375000000000332,-2.17041277885437
-8.400000000000333,-2.1691439151763916
-8.425000000000333,-2.1731503009796143
-8.450000000000333,-2.170307159423828
-8.475000000000334,-2.1714885234832764
-8.500000000000334,-2.1692960262298584
-8.525000000000334,-2.1729488372802734
-8.550000000000335,-2.1746490001678467
-8.575000000000335,-2.171596050262451
-8.600000000000335,-2.1730844974517822
-8.625000000000336,-2.1719624996185303
-8.650000000000336,-2.168872356414795
-8.675000000000336,-2.1724038124084473
-8.700000000000337,-2.1737616062164307
-8.725000000000337,-2.169212579727173
-8.750000000000338,-2.1735806465148926
-8.775000000000338,-2.1746602058410645
-8.800000000000338,-2.171009063720703
-8.825000000000339,-2.1694459915161133
-8.850000000000339,-2.174518346786499
-8.87500000000034,-2.175128936767578
-8.90000000000034,-2.174189329147339
-8.92500000000034,-2.1732351779937744
-8.95000000000034,-2.1734275817871094
-8.97500000000034,-2.175210475921631
-9.000000000000341,-2.1727609634399414
-9.025000000000341,-2.1724119186401367
-9.050000000000342,-2.173691749572754
-9.075000000000342,-2.175941228866577
-9.100000000000342,-2.1741504669189453
-9.125000000000343,-2.1741960048675537
-9.150000000000343,-2.174091339111328
-9.175000000000344,-2.1708450317382812
-9.200000000000344,-2.1736764907836914
-9.225000000000344,-2.1724650859832764
-9.250000000000345,-2.1712112426757812
-9.275000000000345,-2.1736366748809814
-9.300000000000345,-2.1742866039276123
-9.325000000000346,-2.1679985523223877
-9.350000000000346,-2.171933174133301
-9.375000000000346,-2.172525405883789
-9.400000000000347,-2.170975923538208
-9.425000000000347,-2.173657178878784
-9.450000000000347,-2.1713240146636963
-9.475000000000348,-2.1731061935424805
-9.500000000000348,-2.175483465194702
-9.525000000000349,-2.174893379211426
-9.550000000000349,-2.1743950843811035
-9.57500000000035,-2.1746280193328857
-9.60000000000035,-2.173764228820801
-9.62500000000035,-2.1715662479400635
-9.65000000000035,-2.1729989051818848
-9.67500000000035,-2.1764473915100098
-9.700000000000351,-2.172253131866455
-9.725000000000351,-2.174431085586548
-9.750000000000352,-2.1733438968658447
-9.775000000000352,-2.1726059913635254
-9.800000000000352,-2.1695497035980225
-9.825000000000353,-2.1724841594696045
-9.850000000000353,-2.174578905105591
-9.875000000000353,-2.1737377643585205
-9.900000000000354,-2.1702768802642822
-9.925000000000354,-2.1721997261047363
-9.950000000000355,-2.173612117767334
-9.975000000000355,-2.173419713973999
-10.000000000000355,-2.173194646835327
-10.025000000000356,-2.1732983589172363
-10.050000000000356,-2.174389600753784
-10.075000000000356,-2.172438621520996
-10.100000000000357,-2.1735000610351562
-10.125000000000357,-2.1707186698913574
-10.150000000000357,-2.1733713150024414
-10.175000000000358,-2.1734514236450195
-10.200000000000358,-2.174069404602051
-10.225000000000358,-2.174724817276001
-10.250000000000359,-2.1743624210357666
-10.27500000000036,-2.173354148864746
-10.30000000000036,-2.1753835678100586
-10.32500000000036,-2.1755378246307373
-10.35000000000036,-2.1730406284332275
-10.37500000000036,-2.175123453140259
-10.400000000000361,-2.176635980606079
-10.425000000000361,-2.175809621810913
-10.450000000000362,-2.174100875854492
-10.475000000000362,-2.170658826828003
-10.500000000000362,-2.1708672046661377
-10.525000000000363,-2.1716949939727783
-10.550000000000363,-2.1743061542510986
-10.575000000000363,-2.1723666191101074
-10.600000000000364,-2.1722323894500732
-10.625000000000364,-2.1746323108673096
-10.650000000000365,-2.1760332584381104
-10.675000000000365,-2.1733462810516357
-10.700000000000365,-2.1729493141174316
-10.725000000000366,-2.173210620880127
-10.750000000000366,-2.1742758750915527
-10.775000000000366,-2.1746408939361572
-10.800000000000367,-2.1747143268585205
-10.825000000000367,-2.173696756362915
-10.850000000000367,-2.1736130714416504
-10.875000000000368,-2.1727986335754395
-10.900000000000368,-2.1725423336029053
-10.925000000000368,-2.1733927726745605
-10.950000000000369,-2.173609972000122
-10.97500000000037,-2.1743264198303223
-11.00000000000037,-2.1738691329956055
-11.02500000000037,-2.1759583950042725
-11.05000000000037,-2.169834852218628
-11.07500000000037,-2.1736958026885986
-11.100000000000371,-2.1750576496124268
-11.125000000000371,-2.1707091331481934
-11.150000000000372,-2.1698217391967773
-11.175000000000372,-2.175924301147461
-11.200000000000372,-2.1737303733825684
-11.225000000000373,-2.1719000339508057
-11.250000000000373,-2.1725544929504395
-11.275000000000373,-2.1729319095611572
-11.300000000000374,-2.175922155380249
-11.325000000000374,-2.175495147705078
-11.350000000000374,-2.1734871864318848
-11.375000000000375,-2.17256236076355
-11.400000000000375,-2.1728267669677734
-11.425000000000376,-2.176043748855591
-11.450000000000376,-2.175896167755127
-11.475000000000376,-2.1731200218200684
-11.500000000000377,-2.1728851795196533
-11.525000000000377,-2.175172805786133
-11.550000000000377,-2.176896333694458
-11.575000000000378,-2.175253391265869
-11.600000000000378,-2.173146963119507
-11.625000000000378,-2.176197052001953
-11.650000000000379,-2.1762726306915283
-11.675000000000379,-2.1753945350646973
-11.70000000000038,-2.174851417541504
-11.72500000000038,-2.174720287322998
-11.75000000000038,-2.1736199855804443
-11.77500000000038,-2.172794818878174
-11.80000000000038,-2.176729917526245
-11.825000000000381,-2.1740198135375977
-11.850000000000382,-2.1740894317626953
-11.875000000000382,-2.1719720363616943
-11.900000000000382,-2.1723029613494873
-11.925000000000383,-2.1707823276519775
-11.950000000000383,-2.17500376701355
-11.975000000000383,-2.173907518386841
-12.000000000000384,-2.175898790359497
-12.025000000000384,-2.1728298664093018
-12.050000000000384,-2.1769063472747803
-12.075000000000385,-2.1731133460998535
-12.100000000000385,-2.1749331951141357
-12.125000000000385,-2.1733810901641846
-12.150000000000386,-2.176197052001953
-12.175000000000386,-2.1727917194366455
-12.200000000000387,-2.175800085067749
-12.225000000000387,-2.1747195720672607
-12.250000000000387,-2.1734695434570312
-12.275000000000388,-2.1754167079925537
-12.300000000000388,-2.1772186756134033
-12.325000000000388,-2.1764965057373047
-12.350000000000389,-2.1765124797821045
-12.375000000000389,-2.1752123832702637
-12.40000000000039,-2.176356077194214
-12.42500000000039,-2.1742053031921387
-12.45000000000039,-2.172698497772217
-12.47500000000039,-2.173373222351074
-12.50000000000039,-2.1741719245910645
-12.525000000000391,-2.1723389625549316
-12.550000000000392,-2.173525094985962
-12.575000000000392,-2.1745502948760986
-12.600000000000392,-2.1730754375457764
-12.625000000000393,-2.1739542484283447
-12.650000000000393,-2.174555540084839
-12.675000000000393,-2.176345109939575
-12.700000000000394,-2.1765990257263184
-12.725000000000394,-2.1745316982269287
-12.750000000000394,-2.1752498149871826
-12.775000000000395,-2.1717023849487305
-12.800000000000395,-2.176842451095581
-12.825000000000395,-2.1750082969665527
-12.850000000000396,-2.17268705368042
-12.875000000000396,-2.174076795578003
-12.900000000000396,-2.1766602993011475
-12.925000000000397,-2.1743366718292236
-12.950000000000397,-2.1768269538879395
-12.975000000000398,-2.175743818283081
-13.000000000000398,-2.17220401763916
-13.025000000000398,-2.17478609085083
-13.050000000000399,-2.1748504638671875
-13.075000000000399,-2.1773602962493896
-13.1000000000004,-2.176008939743042
-13.1250000000004,-2.1749210357666016
-13.1500000000004,-2.176240921020508
-13.1750000000004,-2.1746039390563965
-13.2000000000004,-2.17417573928833
-13.225000000000401,-2.175530433654785
-13.250000000000401,-2.1706340312957764
-13.275000000000402,-2.1739280223846436
-13.300000000000402,-2.1739237308502197
-13.325000000000403,-2.17242693901062
-13.350000000000403,-2.175032377243042
-13.375000000000403,-2.1776249408721924
-13.400000000000404,-2.1736254692077637
-13.425000000000404,-2.1737866401672363
-13.450000000000404,-2.175046443939209
-13.475000000000405,-2.1755478382110596
-13.500000000000405,-2.1728146076202393
-13.525000000000405,-2.1752288341522217
-13.550000000000406,-2.173906087875366
-13.575000000000406,-2.1764731407165527
-13.600000000000406,-2.176560878753662
-13.625000000000407,-2.176027774810791
-13.650000000000407,-2.175999402999878
-13.675000000000407,-2.1747665405273438
-13.700000000000408,-2.1775636672973633
-13.725000000000408,-2.17655086517334
-13.750000000000409,-2.1755688190460205
-13.775000000000409,-2.1775693893432617
-13.80000000000041,-2.174118995666504
-13.82500000000041,-2.1749653816223145
-13.85000000000041,-2.1750028133392334
-13.87500000000041,-2.1734135150909424
-13.90000000000041,-2.1766111850738525
-13.925000000000411,-2.1746883392333984
-13.950000000000411,-2.1770811080932617
-13.975000000000412,-2.1732354164123535
-14.000000000000412,-2.1758058071136475
-14.025000000000412,-2.175874710083008
-14.050000000000413,-2.175828456878662
-14.075000000000413,-2.1755640506744385
-14.100000000000414,-2.1766202449798584
-14.125000000000414,-2.175509452819824
-14.150000000000414,-2.1761860847473145
-14.175000000000415,-2.1740450859069824
-14.200000000000415,-2.1771323680877686
-14.225000000000415,-2.1755874156951904
-14.250000000000416,-2.1757678985595703
-14.275000000000416,-2.173645496368408
-14.300000000000416,-2.1743431091308594
-14.325000000000417,-2.1740834712982178
-14.350000000000417,-2.1718637943267822
-14.375000000000417,-2.173658609390259
-14.400000000000418,-2.1761789321899414
-14.425000000000418,-2.1738719940185547
-14.450000000000419,-2.1777877807617188
-14.475000000000419,-2.176826000213623
-14.50000000000042,-2.1770217418670654
-14.52500000000042,-2.177170753479004
-14.55000000000042,-2.1774542331695557
-14.57500000000042,-2.175461769104004
-14.60000000000042,-2.1759085655212402
-14.625000000000421,-2.175623893737793
-14.650000000000421,-2.1756582260131836
-14.675000000000422,-2.1759088039398193
-14.700000000000422,-2.175499200820923
-14.725000000000422,-2.175698757171631
-14.750000000000423,-2.170058488845825
-14.775000000000423,-2.1735613346099854
-14.800000000000423,-2.175215482711792
-14.825000000000424,-2.1741912364959717
-14.850000000000424,-2.1783978939056396
-14.875000000000425,-2.1754889488220215
-14.900000000000425,-2.1733028888702393
-14.925000000000425,-2.1755738258361816
-14.950000000000426,-2.1740458011627197
-14.975000000000426,-2.17543363571167
-15.0,-2.1748440265655518
-15.125,-2.1736207008361816
-15.25,-2.1737945079803467
-15.375,-2.1753323078155518
-15.5,-2.1743321418762207
-15.625,-2.174970865249634
-15.75,-2.177358388900757
-15.875,-2.1766257286071777
-16.0,-2.1759226322174072
-16.125,-2.176626443862915
-16.25,-2.1751794815063477
-16.375,-2.1763503551483154
-16.5,-2.17510986328125
-16.625,-2.175978899002075
-16.75,-2.1775522232055664
-16.875,-2.176482677459717
-17.0,-2.1776180267333984
-17.125,-2.17779803276062
-17.25,-2.1765129566192627
-17.375,-2.1763827800750732
-17.5,-2.17399263381958
-17.625,-2.1747024059295654
-17.75,-2.1765644550323486
-17.875,-2.1757242679595947
-18.0,-2.1766464710235596
-18.125,-2.17684268951416
-18.25,-2.176629066467285
-18.375,-2.1798360347747803
-18.5,-2.176426410675049
-18.625,-2.1753196716308594
-18.75,-2.174182653427124
-18.875,-2.176837205886841
-19.0,-2.1743829250335693
-19.125,-2.175140619277954
-19.25,-2.1785342693328857
-19.375,-2.1769630908966064
-19.5,-2.1780624389648438
-19.625,-2.1769914627075195
-19.75,-2.1776962280273438
-19.875,-2.177544355392456
-20.0,-2.1781375408172607
-19.875,-2.1771180629730225
-19.75,-2.1747403144836426
-19.625,-2.177685499191284
-19.5,-2.1774139404296875
-19.375,-2.1761474609375
-19.25,-2.1770267486572266
-19.125,-2.1753759384155273
-19.0,-2.175058603286743
-18.875,-2.1759073734283447
-18.75,-2.1772425174713135
-18.625,-2.176222562789917
-18.5,-2.174487829208374
-18.375,-2.1751868724823
-18.25,-2.1746091842651367
-18.125,-2.1784703731536865
-18.0,-2.17846417427063
-17.875,-2.1775383949279785
-17.75,-2.1766788959503174
-17.625,-2.1764211654663086
-17.5,-2.1772894859313965
-17.375,-2.1764931678771973
-17.25,-2.1764001846313477
-17.125,-2.176483631134033
-17.0,-2.174994707107544
-16.875,-2.178328275680542
-16.75,-2.176957368850708
-16.625,-2.1779613494873047
-16.5,-2.1773717403411865
-16.375,-2.1754136085510254
-16.25,-2.1761744022369385
-16.125,-2.174516201019287
-16.0,-2.1756672859191895
-15.875,-2.1758341789245605
-15.75,-2.1748173236846924
-15.625,-2.1753287315368652
-15.5,-2.1739628314971924
-15.375,-2.172415018081665
-15.25,-2.1750712394714355
-15.125,-2.173581600189209
-15.0,-2.176196813583374
-14.975,-2.1759119033813477
-14.95,-2.1762702465057373
-14.924999999999999,-2.1769676208496094
-14.899999999999999,-2.175985097885132
-14.874999999999998,-2.175309896469116
-14.849999999999998,-2.1744494438171387
-14.824999999999998,-2.177258253097534
-14.799999999999997,-2.1766083240509033
-14.774999999999997,-2.1735646724700928
-14.749999999999996,-2.1785523891448975
-14.724999999999996,-2.174111843109131
-14.699999999999996,-2.177706718444824
-14.674999999999995,-2.1760776042938232
-14.649999999999995,-2.175025701522827
-14.624999999999995,-2.1764919757843018
-14.599999999999994,-2.1757380962371826
-14.574999999999994,-2.174736976623535
-14.549999999999994,-2.1743507385253906
-14.524999999999993,-2.1733241081237793
-14.499999999999993,-2.1717209815979004
-14.474999999999993,-2.1764674186706543
-14.449999999999992,-2.17814564704895
-14.424999999999992,-2.175767660140991
-14.399999999999991,-2.1765246391296387
-14.374999999999991,-2.1750566959381104
-14.34999999999999,-2.1756880283355713
-14.32499999999999,-2.176379919052124
-14.29999999999999,-2.1778924465179443
-14.27499999999999,-2.1754884719848633
-14.24999999999999,-2.173884868621826
-14.224999999999989,-2.1721913814544678
-14.199999999999989,-2.176557779312134
-14.174999999999988,-2.174268960952759
-14.149999999999988,-2.1772990226745605
-14.124999999999988,-2.1764729022979736
-14.099999999999987,-2.1768546104431152
-14.074999999999987,-2.1760470867156982
-14.049999999999986,-2.1772077083587646
-14.024999999999986,-2.174793004989624
-13.999999999999986,-2.175616979598999
-13.974999999999985,-2.1761393547058105
-13.949999999999985,-2.174204111099243
-13.924999999999985,-2.172828435897827
-13.899999999999984,-2.1749179363250732
-13.874999999999984,-2.1788697242736816
-13.849999999999984,-2.174652576446533
-13.824999999999983,-2.171382427215576
-13.799999999999983,-2.173830032348633
-13.774999999999983,-2.175870180130005
-13.749999999999982,-2.1722350120544434
-13.724999999999982,-2.17230224609375
-13.699999999999982,-2.17537784576416
-13.674999999999981,-2.1733624935150146
-13.64999999999998,-2.1744208335876465
-13.62499999999998,-2.176738739013672
-13.59999999999998,-2.175239086151123
-13.57499999999998,-2.1741104125976562
-13.54999999999998,-2.1745188236236572
-13.524999999999979,-2.1737775802612305
-13.499999999999979,-2.1744449138641357
-13.474999999999978,-2.1762564182281494
-13.449999999999978,-2.174715757369995
-13.424999999999978,-2.1763153076171875
-13.399999999999977,-2.1720945835113525
-13.374999999999977,-2.1730315685272217
-13.349999999999977,-2.173860788345337
-13.324999999999976,-2.173476219177246
-13.299999999999976,-2.1704063415527344
-13.274999999999975,-2.1704370975494385
-13.249999999999975,-2.1738076210021973
-13.224999999999975,-2.1771905422210693
-13.199999999999974,-2.1759033203125
-13.174999999999974,-2.1749017238616943
-13.149999999999974,-2.17342209815979
-13.124999999999973,-2.174311876296997
-13.099999999999973,-2.17032790184021
-13.074999999999973,-2.175328254699707
-13.049999999999972,-2.174952507019043
-13.024999999999972,-2.1729483604431152
-12.999999999999972,-2.1738884449005127
-12.974999999999971,-2.1753485202789307
-12.94999999999997,-2.175121784210205
-12.92499999999997,-2.1750924587249756
-12.89999999999997,-2.1742634773254395
-12.87499999999997,-2.172639846801758
-12.84999999999997,-2.171555280685425
-12.824999999999969,-2.1743648052215576
-12.799999999999969,-2.176525831222534
-12.774999999999968,-2.1720666885375977
-12.749999999999968,-2.172532796859741
-12.724999999999968,-2.1746490001678467
-12.699999999999967,-2.173062562942505
-12.674999999999967,-2.174333095550537
-12.649999999999967,-2.173924207687378
-12.624999999999966,-2.1730802059173584
-12.599999999999966,-2.175408124923706
-12.574999999999966,-2.1711676120758057
-12.549999999999965,-2.1732490062713623
-12.524999999999965,-2.1744887828826904
-12.499999999999964,-2.1731114387512207
-12.474999999999964,-2.172497034072876
-12.449999999999964,-2.1748337745666504
-12.424999999999963,-2.1743826866149902
-12.399999999999963,-2.1734025478363037
-12.374999999999963,-2.1747663021087646
-12.349999999999962,-2.1749956607818604
-12.324999999999962,-2.1754658222198486
-12.299999999999962,-2.1708314418792725
-12.274999999999961,-2.1741297245025635
-12.249999999999961,-2.1755988597869873
-12.22499999999996,-2.174966335296631
-12.19999999999996,-2.1748368740081787
-12.17499999999996,-2.1756210327148438
-12.14999999999996,-2.1764414310455322
-12.12499999999996,-2.175485372543335
-12.099999999999959,-2.1756467819213867
-12.074999999999958,-2.174119472503662
-12.049999999999958,-2.1753790378570557
-12.024999999999958,-2.177968740463257
-11.999999999999957,-2.1746411323547363
-11.974999999999957,-2.1731035709381104
-11.949999999999957,-2.1751654148101807
-11.924999999999956,-2.1749508380889893
-11.899999999999956,-2.1755428314208984
-11.874999999999956,-2.1767239570617676
-11.849999999999955,-2.1756622791290283
-11.824999999999955,-2.1748077869415283
-11.799999999999955,-2.1717522144317627
-11.774999999999954,-2.1749136447906494
-11.749999999999954,-2.1724178791046143
-11.724999999999953,-2.1693472862243652
-11.699999999999953,-2.174625873565674
-11.674999999999953,-2.1734275817871094
-11.649999999999952,-2.1739161014556885
-11.624999999999952,-2.1711528301239014
-11.599999999999952,-2.175098180770874
-11.574999999999951,-2.174147844314575
-11.549999999999951,-2.172114610671997
-11.52499999999995,-2.1737630367279053
-11.49999999999995,-2.1776866912841797
-11.47499999999995,-2.1739702224731445
-11.44999999999995,-2.1738569736480713
-11.42499999999995,-2.173175096511841
-11.399999999999949,-2.173943042755127
-11.374999999999948,-2.1723272800445557
-11.349999999999948,-2.1737091541290283
-11.324999999999948,-2.1722543239593506
-11.299999999999947,-2.1738440990448
-11.274999999999947,-2.1754627227783203
-11.249999999999947,-2.1752190589904785
-11.224999999999946,-2.1754822731018066
-11.199999999999946,-2.1736245155334473
-11.174999999999946,-2.174698829650879
-11.149999999999945,-2.1704955101013184
-11.124999999999945,-2.1733152866363525
-11.099999999999945,-2.1744353771209717
-11.074999999999944,-2.173253059387207
-11.049999999999944,-2.1758480072021484
-11.024999999999944,-2.1725504398345947
-10.999999999999943,-2.17398738861084
-10.974999999999943,-2.172856330871582
-10.949999999999942,-2.175779342651367
-10.924999999999942,-2.17268705368042
-10.899999999999942,-2.172974109649658
-10.874999999999941,-2.175055503845215
-10.849999999999941,-2.176011800765991
-10.82499999999994,-2.1734869480133057
-10.79999999999994,-2.174008369445801
-10.77499999999994,-2.17543363571167
-10.74999999999994,-2.1776509284973145
-10.72499999999994,-2.1750895977020264
-10.699999999999939,-2.1729581356048584
-10.674999999999939,-2.171839714050293
-10.649999999999938,-2.172466278076172
-10.624999999999938,-2.1748123168945312
-10.599999999999937,-2.172116756439209
-10.574999999999937,-2.1740288734436035
-10.549999999999937,-2.176409959793091
-10.524999999999936,-2.1735682487487793
-10.499999999999936,-2.171765089035034
-10.474999999999936,-2.172055721282959
-10.449999999999935,-2.173887252807617
-10.424999999999935,-2.174170970916748
-10.399999999999935,-2.173293352127075
-10.374999999999934,-2.172186851501465
-10.349999999999934,-2.1713953018188477
-10.324999999999934,-2.1764180660247803
-10.299999999999933,-2.1755073070526123
-10.274999999999933,-2.172175645828247
-10.249999999999932,-2.1712143421173096
-10.224999999999932,-2.173339366912842
-10.199999999999932,-2.1730833053588867
-10.174999999999931,-2.17537784576416
-10.149999999999931,-2.1725192070007324
-10.12499999999993,-2.1738688945770264
-10.09999999999993,-2.174590826034546
-10.07499999999993,-2.172529697418213
-10.04999999999993,-2.172617197036743
-10.02499999999993,-2.173104763031006
-9.999999999999929,-2.1728193759918213
-9.974999999999929,-2.1697425842285156
-9.949999999999928,-2.173475503921509
-9.924999999999928,-2.172360897064209
-9.899999999999928,-2.1741316318511963
-9.874999999999927,-2.170461893081665
-9.849999999999927,-2.176292657852173
-9.824999999999926,-2.172142744064331
-9.799999999999926,-2.1709790229797363
-9.774999999999926,-2.17327880859375
-9.749999999999925,-2.1752474308013916
-9.724999999999925,-2.1738815307617188
-9.699999999999925,-2.1707985401153564
-9.674999999999924,-2.1721723079681396
-9.649999999999924,-2.1711807250976562
-9.624999999999924,-2.1743764877319336
-9.599999999999923,-2.1741881370544434
-9.574999999999923,-2.174712657928467
-9.549999999999923,-2.1755592823028564
-9.524999999999922,-2.1738169193267822
-9.499999999999922,-2.173497200012207
-9.474999999999921,-2.1739656925201416
-9.449999999999921,-2.17329740524292
-9.42499999999992,-2.1756956577301025
-9.39999999999992,-2.173100233078003
-9.37499999999992,-2.172675848007202
-9.34999999999992,-2.171630620956421
-9.32499999999992,-2.1685125827789307
-9.299999999999919,-2.1717472076416016
-9.274999999999919,-2.173588752746582
-9.249999999999918,-2.1703433990478516
-9.224999999999918,-2.1728456020355225
-9.199999999999918,-2.171457290649414
-9.174999999999917,-2.172579050064087
-9.149999999999917,-2.1732430458068848
-9.124999999999917,-2.1736090183258057
-9.099999999999916,-2.1728131771087646
-9.074999999999916,-2.1737124919891357
-9.049999999999915,-2.170679807662964
-9.024999999999915,-2.17071533203125
-8.999999999999915,-2.1732687950134277
-8.974999999999914,-2.1745638847351074
-8.949999999999914,-2.17397403717041
-8.924999999999914,-2.171031951904297
-8.899999999999913,-2.174048900604248
-8.874999999999913,-2.172684669494629
-8.849999999999913,-2.1713364124298096
-8.824999999999912,-2.1701412200927734
-8.799999999999912,-2.1736347675323486
-8.774999999999912,-2.174959897994995
-8.749999999999911,-2.1732285022735596
-8.72499999999991,-2.1747403144836426
-8.69999999999991,-2.175016164779663
-8.67499999999991,-2.1745834350585938
-8.64999999999991,-2.172807216644287
-8.62499999999991,-2.1723592281341553
-8.599999999999909,-2.1748428344726562
-8.574999999999909,-2.1720783710479736
-8.549999999999908,-2.1737446784973145
-8.524999999999908,-2.1705820560455322
-8.499999999999908,-2.174172878265381
-8.474999999999907,-2.1728737354278564
-8.449999999999907,-2.1696677207946777
-8.424999999999907,-2.17050838470459
-8.399999999999906,-2.175835132598877
-8.374999999999906,-2.174644947052002
-8.349999999999905,-2.1725382804870605
-8.324999999999905,-2.170520544052124
-8.299999999999905,-2.1718056201934814
-8.274999999999904,-2.174138069152832
-8.249999999999904,-2.172577381134033
-8.224999999999904,-2.1731340885162354
-8.199999999999903,-2.174811840057373
-8.174999999999903,-2.17240571975708
-8.149999999999903,-2.1709728240966797
-8.124999999999902,-2.1696557998657227
-8.099999999999902,-2.174269914627075
-8.074999999999902,-2.171130657196045
-8.049999999999901,-2.169346332550049
-8.0249999999999,-2.1737756729125977
-7.9999999999999005,-2.1713554859161377
-7.9749999999999,-2.172508716583252
-7.9499999999999,-2.1731061935424805
-7.9249999999998995,-2.172029733657837
-7.899999999999899,-2.170564651489258
-7.874999999999899,-2.17293643951416
-7.849999999999898,-2.169806957244873
-7.824999999999898,-2.170909881591797
-7.799999999999898,-2.1709651947021484
-7.774999999999897,-2.1728157997131348
-7.749999999999897,-2.1715381145477295
-7.724999999999897,-2.172518491744995
-7.699999999999896,-2.17055606842041
-7.674999999999896,-2.171954393386841
-7.6499999999998956,-2.1715993881225586
-7.624999999999895,-2.1723694801330566
-7.599999999999895,-2.174241542816162
-7.5749999999998945,-2.173496723175049
-7.549999999999894,-2.1719939708709717
-7.524999999999894,-2.172945022583008
-7.499999999999893,-2.171520948410034
-7.474999999999893,-2.1676409244537354
-7.449999999999893,-2.170546531677246
-7.424999999999892,-2.173699140548706
-7.399999999999892,-2.1735706329345703
-7.374999999999892,-2.173435688018799
-7.349999999999891,-2.1699585914611816
-7.324999999999891,-2.1708993911743164
-7.299999999999891,-2.1763036251068115
-7.27499999999989,-2.1717379093170166
-7.24999999999989,-2.1704771518707275
-7.2249999999998895,-2.1726303100585938
-7.199999999999889,-2.173828125
-7.174999999999889,-2.1725714206695557
-7.1499999999998884,-2.173030376434326
-7.124999999999888,-2.170989990234375
-7.099999999999888,-2.1739091873168945
-7.074999999999887,-2.1733977794647217
-7.049999999999887,-2.1733944416046143
-7.024999999999887,-2.1725499629974365
-6.999999999999886,-2.172356605529785
-6.974999999999886,-2.1714611053466797
-6.949999999999886,-2.1716015338897705
-6.924999999999885,-2.1705102920532227
-6.899999999999885,-2.167600393295288
-6.8749999999998845,-2.1719751358032227
-6.849999999999884,-2.1711478233337402
-6.824999999999884,-2.1732301712036133
-6.7999999999998835,-2.171563148498535
-6.774999999999883,-2.1727092266082764
-6.749999999999883,-2.168922185897827
-6.724999999999882,-2.1722843647003174
-6.699999999999882,-2.1722095012664795
-6.674999999999882,-2.170835018157959
-6.649999999999881,-2.170578956604004
-6.624999999999881,-2.172314167022705
-6.599999999999881,-2.170931577682495
-6.57499999999988,-2.1693243980407715
-6.54999999999988,-2.1665914058685303
-6.52499999999988,-2.1719470024108887
-6.499999999999879,-2.170808792114258
-6.474999999999879,-2.170931816101074
-6.4499999999998785,-2.170844078063965
-6.424999999999878,-2.172065258026123
-6.399999999999878,-2.1712491512298584
-6.374999999999877,-2.1739330291748047
-6.349999999999877,-2.1752026081085205
-6.324999999999877,-2.1704635620117188
-6.299999999999876,-2.172891616821289
-6.274999999999876,-2.1722357273101807
-6.249999999999876,-2.1741411685943604
-6.224999999999875,-2.167402744293213
-6.199999999999875,-2.171156167984009
-6.174999999999875,-2.172114133834839
-6.149999999999874,-2.172260046005249
-6.124999999999874,-2.1726555824279785
-6.0999999999998735,-2.172027587890625
-6.074999999999873,-2.1731462478637695
-6.049999999999873,-2.1742353439331055
-6.0249999999998725,-2.1727423667907715
-5.999999999999872,-2.171360731124878
-5.974999999999872,-2.1683976650238037
-5.949999999999871,-2.170494794845581
-5.924999999999871,-2.1706459522247314
-5.899999999999871,-2.1721982955932617
-5.87499999999987,-2.171830892562866
-5.84999999999987,-2.1704633235931396
-5.82499999999987,-2.175004720687866
-5.799999999999869,-2.1694374084472656
-5.774999999999869,-2.170207977294922
-5.7499999999998685,-2.1689398288726807
-5.724999999999868,-2.1720032691955566
-5.699999999999868,-2.17301607131958
-5.6749999999998675,-2.173081398010254
-5.649999999999867,-2.168384552001953
-5.624999999999867,-2.1699070930480957
-5.599999999999866,-2.1721880435943604
-5.574999999999866,-2.1706769466400146
-5.549999999999866,-2.1706597805023193
-5.524999999999865,-2.1675705909729004
-5.499999999999865,-2.1717417240142822
-5.474999999999865,-2.1719930171966553
-5.449999999999864,-2.1666643619537354
-5.424999999999864,-2.171494483947754
-5.399999999999864,-2.1726346015930176
-5.374999999999863,-2.170884370803833
-5.349999999999863,-2.167835235595703
-5.3249999999998625,-2.169703483581543
-5.299999999999862,-2.169779062271118
-5.274999999999862,-2.1699280738830566
-5.2499999999998614,-2.170644998550415
-5.224999999999861,-2.170271635055542
-5.199999999999861,-2.170928478240967
-5.17499999999986,-2.1712615489959717
-5.14999999999986,-2.1692559719085693
-5.12499999999986,-2.1691226959228516
-5.099999999999859,-2.172119140625
-5.074999999999859,-2.1706252098083496
-5.049999999999859,-2.171449899673462
-5.024999999999858,-2.170468807220459
-4.999999999999858,-2.170393466949463
-4.9749999999998575,-2.172287702560425
-4.949999999999857,-2.170552968978882
-4.924999999999857,-2.1734492778778076
-4.8999999999998565,-2.169365882873535
-4.874999999999856,-2.17142391204834
-4.849999999999856,-2.172457695007324
-4.824999999999855,-2.173975944519043
-4.799999999999855,-2.170175313949585
-4.774999999999855,-2.1756913661956787
-4.749999999999854,-2.1718738079071045
-4.724999999999854,-2.1702091693878174
-4.699999999999854,-2.1664834022521973
-4.674999999999853,-2.169109582901001
-4.649999999999853,-2.1703381538391113
-4.624999999999853,-2.1695408821105957
-4.599999999999852,-2.169036865234375
-4.574999999999852,-2.166978359222412
-4.5499999999998515,-2.1704607009887695
-4.524999999999851,-2.1688735485076904
-4.499999999999851,-2.1696245670318604
-4.47499999999985,-2.170482635498047
-4.44999999999985,-2.1720962524414062
-4.42499999999985,-2.1680092811584473
-4.399999999999849,-2.1691086292266846
-4.374999999999849,-2.1678943634033203
-4.349999999999849,-2.16975736618042
-4.324999999999848,-2.1664884090423584
-4.299999999999848,-2.1683483123779297
-4.274999999999848,-2.1689178943634033
-4.249999999999847,-2.1723122596740723
-4.224999999999847,-2.1683642864227295
-4.1999999999998465,-2.1715269088745117
-4.174999999999846,-2.172896385192871
-4.149999999999846,-2.1697423458099365
-4.1249999999998455,-2.1710469722747803
-4.099999999999845,-2.1703333854675293
-4.074999999999845,-2.169562339782715
-4.049999999999844,-2.168954610824585
-4.024999999999844,-2.1699459552764893
-3.9999999999998437,-2.1695313453674316
-3.9749999999998433,-2.171940565109253
-3.949999999999843,-2.173534631729126
-3.9249999999998426,-2.1719131469726562
-3.8999999999998423,-2.173253059387207
-3.874999999999842,-2.1679153442382812
-3.8499999999998415,-2.169961452484131
-3.824999999999841,-2.168713092803955
-3.799999999999841,-2.1691505908966064
-3.7749999999998405,-2.172703981399536
-3.74999999999984,-2.1727449893951416
-3.7249999999998398,-2.1693572998046875
-3.6999999999998394,-2.167621612548828
-3.674999999999839,-2.1687605381011963
-3.6499999999998387,-2.1671714782714844
-3.6249999999998384,-2.1667416095733643
-3.599999999999838,-2.1695656776428223
-3.5749999999998376,-2.167057991027832
-3.5499999999998373,-2.1680049896240234
-3.524999999999837,-2.1649951934814453
-3.4999999999998366,-2.1704273223876953
-3.474999999999836,-2.170198917388916
-3.449999999999836,-2.166412591934204
-3.4249999999998355,-2.168031930923462
-3.399999999999835,-2.1686084270477295
-3.374999999999835,-2.1648409366607666
-3.3499999999998344,-2.170112371444702
-3.324999999999834,-2.1679039001464844
-3.2999999999998337,-2.1668496131896973
-3.2749999999998334,-2.1699421405792236
-3.249999999999833,-2.169628620147705
-3.2249999999998327,-2.1686463356018066
-3.1999999999998323,-2.166048288345337
-3.174999999999832,-2.167672634124756
-3.1499999999998316,-2.1710119247436523
-3.1249999999998312,-2.1698122024536133
-3.099999999999831,-2.1700429916381836
-3.0749999999998305,-2.166456699371338
-3.04999999999983,-2.171668529510498
-3.02499999999983,-2.172182083129883
-2.9999999999998295,-2.170187473297119
-2.974999999999829,-2.168518304824829
-2.9499999999998288,-2.167308807373047
-2.9249999999998284,-2.167921781539917
-2.899999999999828,-2.1653268337249756
-2.8749999999998277,-2.16593861579895
-2.8499999999998273,-2.1186110973358154
-2.824999999999827,-2.1722655296325684
-2.7999999999998266,-2.168598175048828
-2.7749999999998263,-2.1690378189086914
-2.749999999999826,-2.167109489440918
-2.7249999999998256,-2.1698806285858154
-2.699999999999825,-2.169013738632202
-2.674999999999825,-2.1171457767486572
-2.6499999999998245,-2.1669297218322754
-2.624999999999824,-2.170863389968872
-2.599999999999824,-2.1693341732025146
-2.5749999999998234,-2.1703569889068604
-2.549999999999823,-2.111288070678711
-2.5249999999998227,-2.1130435466766357
-2.4999999999998224,-2.1706955432891846
-2.474999999999822,-2.1635794639587402
-2.4499999999998217,-2.1696178913116455
-2.4249999999998213,-2.111790180206299
-2.399999999999821,-2.058232545852661
-2.3749999999998206,-2.061587333679199
-2.3499999999998202,-2.1111581325531006
-2.32499999999982,-2.1135013103485107
-2.2999999999998195,-2.0614991188049316
-2.274999999999819,-2.060279130935669
-2.249999999999819,-2.1091861724853516
-2.2249999999998185,-2.0570199489593506
-2.199999999999818,-2.111764669418335
-2.1749999999998177,-2.006709098815918
-2.1499999999998174,-2.0048840045928955
-2.124999999999817,-2.007692813873291
-2.0999999999998167,-2.00642991065979
-2.0749999999998163,-2.0053980350494385
-2.049999999999816,-2.059863805770874
-2.0249999999998156,-2.0038273334503174
-1.9999999999998153,-2.007596492767334
-1.974999999999815,-2.0057642459869385
-1.9499999999998145,-2.0061228275299072
-1.9249999999998142,-2.00710391998291
-1.8999999999998138,-2.0033373832702637
-1.8749999999998135,-1.9481168985366821
-1.8499999999998131,-1.895721435546875
-1.8249999999998128,-1.9505982398986816
-1.7999999999998124,-1.8958872556686401
-1.774999999999812,-1.9494229555130005
-1.7499999999998117,-1.9540314674377441
-1.7249999999998114,-1.9494997262954712
-1.699999999999811,-1.9485331773757935
-1.6749999999998106,-1.893498182296753
-1.6499999999998103,-1.897278904914856
-1.62499999999981,-1.8992364406585693
-1.5999999999998096,-1.7860418558120728
-1.5749999999998092,-1.7341595888137817
-1.5499999999998089,-1.789968729019165
-1.5249999999998085,-1.842673897743225
-1.4999999999998082,-1.8407319784164429
-1.4749999999998078,-1.8903350830078125
-1.4499999999998074,-1.6772392988204956
-1.424999999999807,-1.6799986362457275
-1.3999999999998067,-1.62725830078125
-1.3749999999998064,-1.6202473640441895
-1.349999999999806,-1.576100468635559
-1.3249999999998057,-1.6190134286880493
-1.2999999999998053,-1.6276322603225708
-1.274999999999805,-1.6738324165344238
-1.2499999999998046,-1.6224056482315063
-1.2249999999998042,-1.5647637844085693
-1.199999999999804,-1.461426019668579
-1.1749999999998035,-1.4089909791946411
-1.1499999999998032,-1.3521910905838013
-1.1249999999998028,-1.2453384399414062
-1.0999999999998025,-1.083889365196228
-1.0749999999998021,-1.026740312576294
-1.0499999999998018,-1.0824599266052246
-1.0249999999998014,-1.1422531604766846
-0.999999999999801,-1.0290755033493042
-0.9749999999998007,-1.0827746391296387
-0.9499999999998003,-1.0748252868652344
-0.9249999999998,-1.1332168579101562
-0.8999999999997996,-1.0815989971160889
-0.8749999999997993,-1.0329375267028809
-0.8499999999997989,-1.0293413400650024
-0.8249999999997986,-1.0323530435562134
-0.7999999999997982,-1.0272340774536133
-0.7749999999997979,-1.02926504611969
-0.7499999999997975,-0.9753279089927673
-0.7249999999997971,-1.0286833047866821
-0.6999999999997968,-0.9746103882789612
-0.6749999999997964,-0.9184479713439941
-0.6499999999997961,-0.9744246602058411
-0.6249999999997957,-0.923683226108551
-0.5999999999997954,-1.0272794961929321
-0.574999999999795,-0.9712290167808533
-0.5499999999997947,-0.9785382151603699
-0.5249999999997943,-0.9727935791015625
-0.49999999999979394,-0.9733840823173523
-0.4749999999997936,-0.9169129729270935
-0.44999999999979323,-0.8667845726013184
-0.4249999999997929,-0.7002944350242615
-0.3999999999997925,-0.8171128630638123
-0.37499999999979217,-0.7613967657089233
-0.3499999999997918,-0.7592375874519348
-0.32499999999979146,-0.7526679635047913
-0.2999999999997911,-0.7017808556556702
-0.27499999999979075,-0.701590895652771
-0.2499999999997904,-0.592276930809021
-0.22499999999979003,-0.4418976902961731
-0.19999999999978968,-0.4843636155128479
-0.17499999999978932,-0.48111778497695923
-0.14999999999978897,-0.37843284010887146
-0.12499999999978861,-0.4317471385002136
-0.09999999999978826,-0.3735845983028412
-0.0749999999997879,-0.5897838473320007
-0.04999999999978755,-0.2138369083404541
-0.024999999999787192,-0.10751685500144958
2.1316282072803006e-13,-0.10470915585756302
0.025000000000213518,-0.05603572726249695
0.05000000000021387,0.05491168797016144
0.07500000000021423,0.00679574953392148
0.10000000000021458,-0.001119350898079574
0.12500000000021494,0.0035786088556051254
0.1500000000002153,0.05624411627650261
0.17500000000021565,0.05206087976694107
0.200000000000216,0.05995230749249458
0.22500000000021636,0.055041830986738205
0.2500000000002167,0.11013844609260559
0.27500000000021707,0.056942958384752274
0.3000000000002174,0.11376725882291794
0.3250000000002178,0.11329612880945206
0.35000000000021814,0.16351495683193207
0.3750000000002185,0.16266879439353943
0.40000000000021885,0.10962642729282379
0.4250000000002192,0.051824528723955154
0.45000000000021956,0.165299192070961
0.4750000000002199,0.1715766042470932
0.5000000000002203,0.22212311625480652
0.5250000000002206,0.11298304051160812
0.550000000000221,0.17341908812522888
0.5750000000002213,0.214759960770607
0.6000000000002217,0.21959340572357178
0.625000000000222,0.22107605636119843
0.6500000000002224,0.21787719428539276
0.6750000000002228,0.17353704571723938
0.7000000000002231,0.16746652126312256
0.7250000000002235,0.22352756559848785
0.7500000000002238,0.27272942662239075
0.7750000000002242,0.2711431384086609
0.8000000000002245,0.17108933627605438
0.8250000000002249,0.22196388244628906
0.8500000000002252,0.16519221663475037
0.8750000000002256,0.32466641068458557
0.900000000000226,0.2727969288825989
0.9250000000002263,0.27521827816963196
0.9500000000002267,0.3820454776287079
0.975000000000227,0.5433382391929626
1.0000000000002274,0.5455509424209595
1.0250000000002277,0.5444891452789307
1.050000000000228,0.5494072437286377
1.0750000000002284,0.5982692241668701
1.1000000000002288,0.5468677878379822
1.1250000000002292,0.5463881492614746
1.1500000000002295,0.5436473488807678
1.1750000000002299,0.6556891202926636
1.2000000000002302,0.6004699468612671
1.2250000000002306,0.7058583498001099
1.250000000000231,0.7600902915000916
1.2750000000002313,1.0246845483779907
1.3000000000002316,1.1901764869689941
1.325000000000232,1.1894080638885498
1.3500000000002323,1.1941741704940796
1.3750000000002327,1.244813084602356
1.400000000000233,1.1886476278305054
1.4250000000002334,1.1877015829086304
1.4500000000002338,1.1901887655258179
1.4750000000002341,1.193015694618225
1.5000000000002345,1.1358391046524048
1.5250000000002348,1.2983366250991821
1.5500000000002352,1.4073810577392578
1.5750000000002355,1.4582844972610474
1.600000000000236,1.4600694179534912
1.6250000000002363,1.508169412612915
1.6500000000002366,1.628618836402893
1.675000000000237,1.5711138248443604
1.7000000000002373,1.5649365186691284
1.7250000000002377,1.5134663581848145
1.750000000000238,1.4638724327087402
1.7750000000002384,1.5659093856811523
1.8000000000002387,1.513266682624817
1.825000000000239,1.5167697668075562
1.8500000000002395,1.5740981101989746
1.8750000000002398,1.572857141494751
1.9000000000002402,1.6750943660736084
1.9250000000002405,1.681107997894287
1.9500000000002409,1.7345036268234253
1.9750000000002412,1.7277177572250366
2.0000000000002416,1.7300081253051758
2.025000000000242,1.6772739887237549
2.0500000000002423,1.787103533744812
2.0750000000002427,1.7907472848892212
2.100000000000243,1.7306374311447144
2.1250000000002434,1.7343478202819824
2.1500000000002437,1.7842926979064941
2.175000000000244,1.7803040742874146
2.2000000000002444,1.8363760709762573
2.225000000000245,1.8408282995224
2.250000000000245,1.7853264808654785
2.2750000000002455,1.8395062685012817
2.300000000000246,1.7880523204803467
2.325000000000246,1.8412114381790161
2.3500000000002466,1.8453279733657837
2.375000000000247,1.8456271886825562
2.4000000000002473,1.8966314792633057
2.4250000000002476,1.8964191675186157
2.450000000000248,1.8984562158584595
2.4750000000002483,1.8978114128112793
2.5000000000002487,1.8961089849472046
2.525000000000249,1.8988746404647827
2.5500000000002494,1.8959136009216309
2.5750000000002498,1.8968193531036377
2.60000000000025,1.8844971656799316
2.6250000000002505,1.8950905799865723
2.650000000000251,1.893148422241211
2.675000000000251,2.1648807525634766
2.7000000000002515,2.171832799911499
2.725000000000252,2.1707334518432617
2.7500000000002522,2.168311834335327
2.7750000000002526,2.1733624935150146
2.800000000000253,2.1184074878692627
2.8250000000002533,2.167759656906128
2.8500000000002537,2.170724868774414
2.875000000000254,2.1743826866149902
2.9000000000002544,2.1716396808624268
2.9250000000002547,2.170760154724121
2.950000000000255,2.1733272075653076
2.9750000000002554,2.165879249572754
3.000000000000256,2.1699750423431396
3.025000000000256,2.170875310897827
3.0500000000002565,2.1692214012145996
3.075000000000257,2.1698756217956543
3.100000000000257,2.1695356369018555
3.1250000000002576,2.171544313430786
3.150000000000258,2.1703484058380127
3.1750000000002583,2.1727960109710693
3.2000000000002586,2.1723992824554443
3.225000000000259,2.1717474460601807
3.2500000000002593,2.1687605381011963
3.2750000000002597,2.17197847366333
3.30000000000026,2.1728949546813965
3.3250000000002604,2.1690194606781006
3.3500000000002608,2.170257329940796
3.375000000000261,2.174525499343872
3.4000000000002615,2.1680126190185547
3.425000000000262,2.1716251373291016
3.450000000000262,2.1724720001220703
3.4750000000002625,2.1735475063323975
3.500000000000263,2.173784017562866
3.5250000000002633,2.17122220993042
3.5500000000002636,2.173297882080078
3.575000000000264,2.1673033237457275
3.6000000000002643,2.1685519218444824
3.6250000000002647,2.168449640274048
3.650000000000265,2.1727209091186523
3.6750000000002654,2.1713123321533203
3.7000000000002657,2.171208143234253
3.725000000000266,2.1678414344787598
3.7500000000002665,2.17244815826416
3.775000000000267,2.1702842712402344
3.800000000000267,2.1717042922973633
3.8250000000002675,2.1722185611724854
3.850000000000268,2.1711883544921875
3.8750000000002682,2.1737663745880127
3.9000000000002686,2.1736018657684326
3.925000000000269,2.1713507175445557
3.9500000000002693,2.168861150741577
3.9750000000002697,2.169292688369751
4.00000000000027,2.1698074340820312
4.02500000000027,2.1698005199432373
4.050000000000271,2.170900583267212
4.075000000000271,2.1702823638916016
4.100000000000271,2.171231508255005
4.125000000000272,2.1684212684631348
4.150000000000272,2.1718709468841553
4.1750000000002725,2.1678519248962402
4.200000000000273,2.1705641746520996
4.225000000000273,2.1679935455322266
4.250000000000274,2.173550844192505
4.275000000000274,2.1710917949676514
4.300000000000274,2.1729729175567627
4.325000000000275,2.1695668697357178
4.350000000000275,2.1703903675079346
4.375000000000275,2.171941041946411
4.400000000000276,2.173553705215454
4.425000000000276,2.1707074642181396
4.450000000000276,2.172255754470825
4.475000000000277,2.174927234649658
4.500000000000277,2.1732306480407715
4.5250000000002775,2.1738295555114746
4.550000000000278,2.171372413635254
4.575000000000278,2.171604871749878
4.6000000000002785,2.1740071773529053
4.625000000000279,2.169670820236206
4.650000000000279,2.1715261936187744
4.67500000000028,2.1727404594421387
4.70000000000028,2.1704399585723877
4.72500000000028,2.173581600189209
4.750000000000281,2.1730449199676514
4.775000000000281,2.171551465988159
4.800000000000281,2.169347047805786
4.825000000000282,2.1689701080322266
4.850000000000282,2.1734440326690674
4.875000000000282,2.171381711959839
4.900000000000283,2.169661521911621
4.925000000000283,2.1725542545318604
4.9500000000002835,2.1729485988616943
4.975000000000284,2.1728432178497314
5.000000000000284,2.1717002391815186
5.025000000000285,2.1747004985809326
5.050000000000285,2.173015594482422
5.075000000000285,2.1714284420013428
5.100000000000286,2.166004180908203
5.125000000000286,2.1725680828094482
5.150000000000286,2.1737618446350098
5.175000000000287,2.171511173248291
5.200000000000287,2.169177293777466
5.225000000000287,2.1713597774505615
5.250000000000288,2.1705546379089355
5.275000000000288,2.17289137840271
5.3000000000002885,2.17036509513855
5.325000000000289,2.1719093322753906
5.350000000000289,2.172008991241455
5.3750000000002895,2.1726396083831787
5.40000000000029,2.1718978881835938
5.42500000000029,2.1712193489074707
5.450000000000291,2.172966480255127
5.475000000000291,2.168100595474243
5.500000000000291,2.17342209815979
5.525000000000292,2.171391010284424
5.550000000000292,2.1691856384277344
5.575000000000292,2.172893524169922
5.600000000000293,2.1721229553222656
5.625000000000293,2.170905351638794
5.6500000000002935,2.1723575592041016
5.675000000000294,2.1737518310546875
5.700000000000294,2.174325942993164
5.7250000000002945,2.173550605773926
5.750000000000295,2.172822952270508
5.775000000000295,2.171173572540283
5.800000000000296,2.1721765995025635
5.825000000000296,2.1767752170562744
5.850000000000296,2.173635244369507
5.875000000000297,2.17322039604187
5.900000000000297,2.174914836883545
5.925000000000297,2.1741690635681152
5.950000000000298,2.172595500946045
5.975000000000298,2.173290252685547
6.000000000000298,2.173351526260376
6.025000000000299,2.175013780593872
6.050000000000299,2.1717700958251953
6.0750000000002995,2.1727311611175537
6.1000000000003,2.172907590866089
6.1250000000003,2.1724867820739746
6.150000000000301,2.1715445518493652
6.175000000000301,2.175222396850586
6.200000000000301,2.1713550090789795
6.225000000000302,2.175520896911621
6.250000000000302,2.1744890213012695
6.275000000000302,2.174445390701294
6.300000000000303,2.1717915534973145
6.325000000000303,2.1753556728363037
6.350000000000303,2.1739914417266846
6.375000000000304,2.1787073612213135
6.400000000000304,2.173459768295288
6.4250000000003045,2.172523260116577
6.450000000000305,2.174760103225708
6.475000000000305,2.1737277507781982
6.5000000000003055,2.172095537185669
6.525000000000306,2.1762537956237793
6.550000000000306,2.1779510974884033
6.575000000000307,2.1741511821746826
6.600000000000307,2.1741161346435547
6.625000000000307,2.1681082248687744
6.650000000000308,2.1718802452087402
6.675000000000308,2.172260046005249
6.700000000000308,2.1726691722869873
6.725000000000309,2.1706206798553467
6.750000000000309,2.171440839767456
6.775000000000309,2.169536828994751
6.80000000000031,2.1746387481689453
6.82500000000031,2.1701419353485107
6.8500000000003105,2.1731369495391846
6.875000000000311,2.173015832901001
6.900000000000311,2.173769950866699
6.925000000000312,2.173027276992798
6.950000000000312,2.1741878986358643
6.975000000000312,2.174880266189575
7.000000000000313,2.174551010131836
7.025000000000313,2.1733672618865967
7.050000000000313,2.1728005409240723
7.075000000000314,2.1739580631256104
7.100000000000314,2.1759865283966064
7.125000000000314,2.173675298690796
7.150000000000315,2.1758806705474854
7.175000000000315,2.174692392349243
7.2000000000003155,2.173356771469116
7.225000000000316,2.173211097717285
7.250000000000316,2.175635814666748
7.2750000000003165,2.177492380142212
7.300000000000317,2.1744604110717773
7.325000000000317,2.174114942550659
7.350000000000318,2.173515558242798
7.375000000000318,2.174799919128418
7.400000000000318,2.1706998348236084
7.425000000000319,2.172657012939453
7.450000000000319,2.174933910369873
7.475000000000319,2.1761372089385986
7.50000000000032,2.1741034984588623
7.52500000000032,2.1724581718444824
7.5500000000003205,2.1706814765930176
7.575000000000321,2.175368547439575
7.600000000000321,2.174671173095703
7.6250000000003215,2.1713709831237793
7.650000000000322,2.1704158782958984
7.675000000000322,2.173218250274658
7.700000000000323,2.174619436264038
7.725000000000323,2.174177646636963
7.750000000000323,2.173461437225342
7.775000000000324,2.1737401485443115
7.800000000000324,2.172410011291504
7.825000000000324,2.1742749214172363
7.850000000000325,2.1704320907592773
7.875000000000325,2.1722774505615234
7.900000000000325,2.173271417617798
7.925000000000326,2.170900821685791
7.950000000000326,2.1730871200561523
7.9750000000003265,2.1747796535491943
8.000000000000327,2.175018310546875
8.025000000000327,2.1717233657836914
8.050000000000328,2.177142381668091
8.075000000000328,2.17409086227417
8.100000000000328,2.1737260818481445
8.125000000000329,2.1770267486572266
8.150000000000329,2.1760809421539307
8.17500000000033,2.175503730773926
8.20000000000033,2.1743290424346924
8.22500000000033,2.172739267349243
8.25000000000033,2.176001787185669
8.27500000000033,2.1737382411956787
8.300000000000331,2.172046184539795
8.325000000000331,2.174384832382202
8.350000000000332,2.172880172729492
8.375000000000332,2.174739122390747
8.400000000000333,2.174245834350586
8.425000000000333,2.1729609966278076
8.450000000000333,2.1700170040130615
8.475000000000334,2.1760308742523193
8.500000000000334,2.174856662750244
8.525000000000334,2.1760010719299316
8.550000000000335,2.1741132736206055
8.575000000000335,2.171762704849243
8.600000000000335,2.173140287399292
8.625000000000336,2.1725893020629883
8.650000000000336,2.173062562942505
8.675000000000336,2.1755166053771973
8.700000000000337,2.1735846996307373
8.725000000000337,2.172632932662964
8.750000000000338,2.1737093925476074
8.775000000000338,2.176159143447876
8.800000000000338,2.175654888153076
8.825000000000339,2.1757335662841797
8.850000000000339,2.1746411323547363
8.87500000000034,2.172457456588745
8.90000000000034,2.1727776527404785
8.92500000000034,2.1724255084991455
8.95000000000034,2.174330711364746
8.97500000000034,2.176424741744995
9.000000000000341,2.1751465797424316
9.025000000000341,2.174225091934204
9.050000000000342,2.17537260055542
9.075000000000342,2.170090913772583
9.100000000000342,2.1743781566619873
9.125000000000343,2.176997423171997
9.150000000000343,2.1743149757385254
9.175000000000344,2.1756093502044678
9.200000000000344,2.1751909255981445
9.225000000000344,2.17291259765625
9.250000000000345,2.1754019260406494
9.275000000000345,2.176161289215088
9.300000000000345,2.1756067276000977
9.325000000000346,2.1760900020599365
9.350000000000346,2.1730196475982666
9.375000000000346,2.175611734390259
9.400000000000347,2.17419695854187
9.425000000000347,2.1761107444763184
9.450000000000347,2.1726126670837402
9.475000000000348,2.1751320362091064
9.500000000000348,2.1742968559265137
9.525000000000349,2.174668073654175
9.550000000000349,2.1779348850250244
9.57500000000035,2.178170919418335
9.60000000000035,2.178269624710083
9.62500000000035,2.1726648807525635
9.65000000000035,2.1767914295196533
9.67500000000035,2.176835298538208
9.700000000000351,2.173701524734497
9.725000000000351,2.1750452518463135
9.750000000000352,2.174245595932007
9.775000000000352,2.1710526943206787
9.800000000000352,2.1735312938690186
9.825000000000353,2.17635440826416
9.850000000000353,2.1772594451904297
9.875000000000353,2.177166223526001
9.900000000000354,2.1743412017822266
9.925000000000354,2.175236701965332
9.950000000000355,2.1767640113830566
9.975000000000355,2.1768341064453125
10.000000000000355,2.176393747329712
10.025000000000356,2.1749770641326904
10.050000000000356,2.1752872467041016
10.075000000000356,2.1743016242980957
10.100000000000357,2.176121473312378
10.125000000000357,2.1739892959594727
10.150000000000357,2.1759490966796875
10.175000000000358,2.1743693351745605
10.200000000000358,2.177006721496582
10.225000000000358,2.1758873462677
10.250000000000359,2.1758620738983154
10.27500000000036,2.173433780670166
10.30000000000036,2.1705050468444824
10.32500000000036,2.1741576194763184
10.35000000000036,2.176671266555786
10.37500000000036,2.174738883972168
10.400000000000361,2.17435359954834
10.425000000000361,2.175493001937866
10.450000000000362,2.1761562824249268
10.475000000000362,2.1753530502319336
10.500000000000362,2.1739232540130615
10.525000000000363,2.1763246059417725
10.550000000000363,2.1748688220977783
10.575000000000363,2.1746010780334473
10.600000000000364,2.1766045093536377
10.625000000000364,2.1756694316864014
10.650000000000365,2.1771657466888428
10.675000000000365,2.176727294921875
10.700000000000365,2.1746325492858887
10.725000000000366,2.1765332221984863
10.750000000000366,2.176539421081543
10.775000000000366,2.173710584640503
10.800000000000367,2.175743579864502
10.825000000000367,2.1739394664764404
10.850000000000367,2.176086664199829
10.875000000000368,2.175428867340088
10.900000000000368,2.176622152328491
10.925000000000368,2.174376964569092
10.950000000000369,2.173398494720459
10.97500000000037,2.1777944564819336
11.00000000000037,2.1771180629730225
11.02500000000037,2.176701784133911
11.05000000000037,2.1752192974090576
11.07500000000037,2.1745598316192627
11.100000000000371,2.1761634349823
11.125000000000371,2.176499128341675
11.150000000000372,2.1755220890045166
11.175000000000372,2.1755712032318115
11.200000000000372,2.175635576248169
11.225000000000373,2.176962375640869
11.250000000000373,2.1770901679992676
11.275000000000373,2.1734981536865234
11.300000000000374,2.1755731105804443
11.325000000000374,2.175449848175049
11.350000000000374,2.1722140312194824
11.375000000000375,2.178234815597534
11.400000000000375,2.1759352684020996
11.425000000000376,2.1751596927642822
11.450000000000376,2.174255609512329
11.475000000000376,2.174421787261963
11.500000000000377,2.1765382289886475
11.525000000000377,2.1718244552612305
11.550000000000377,2.1762993335723877
11.575000000000378,2.1770880222320557
11.600000000000378,2.175671339035034
11.625000000000378,2.1763904094696045
11.650000000000379,2.1781506538391113
11.675000000000379,2.176532030105591
11.70000000000038,2.175889015197754
11.72500000000038,2.1746392250061035
11.75000000000038,2.175644636154175
11.77500000000038,2.176786184310913
11.80000000000038,2.1766316890716553
11.825000000000381,2.1761977672576904
11.850000000000382,2.177354335784912
11.875000000000382,2.1752514839172363
11.900000000000382,2.177419662475586
11.925000000000383,2.1748557090759277
11.950000000000383,2.175666332244873
11.975000000000383,2.174931287765503
12.000000000000384,2.1764755249023438
12.025000000000384,2.1746084690093994
12.050000000000384,2.1768245697021484
12.075000000000385,2.1742537021636963
12.100000000000385,2.1753435134887695
12.125000000000385,2.1754302978515625
12.150000000000386,2.174811363220215
12.175000000000386,2.1758182048797607
12.200000000000387,2.174447774887085
12.225000000000387,2.175478458404541
12.250000000000387,2.1719961166381836
12.275000000000388,2.174555778503418
12.300000000000388,2.1743767261505127
12.325000000000388,2.17728328704834
12.350000000000389,2.1776716709136963
12.375000000000389,2.176151752471924
12.40000000000039,2.1754648685455322
12.42500000000039,2.174995183944702
12.45000000000039,2.174940586090088
12.47500000000039,2.1750805377960205
12.50000000000039,2.178243637084961
12.525000000000391,2.1768577098846436
12.550000000000392,2.1752023696899414
12.575000000000392,2.1753487586975098
12.600000000000392,2.176718235015869
12.625000000000393,2.175968647003174
12.650000000000393,2.177122116088867
12.675000000000393,2.175031900405884
12.700000000000394,2.174252986907959
12.725000000000394,2.177316904067993
12.750000000000394,2.1768717765808105
12.775000000000395,2.176938533782959
12.800000000000395,2.1762466430664062
12.825000000000395,2.1777093410491943
12.850000000000396,2.1754205226898193
12.875000000000396,2.1781108379364014
12.900000000000396,2.1791374683380127
12.925000000000397,2.1772282123565674
12.950000000000397,2.1765036582946777
12.975000000000398,2.1772165298461914
13.000000000000398,2.1765997409820557
13.025000000000398,2.176687002182007
13.050000000000399,2.1758346557617188
13.075000000000399,2.1767778396606445
13.1000000000004,2.1768007278442383
13.1250000000004,2.175593376159668
13.1500000000004,2.177328586578369
13.1750000000004,2.176065683364868
13.2000000000004,2.1772475242614746
13.225000000000401,2.176011085510254
13.250000000000401,2.175565481185913
13.275000000000402,2.1775691509246826
13.300000000000402,2.1751277446746826
13.325000000000403,2.1747982501983643
13.350000000000403,2.1773290634155273
13.375000000000403,2.1772735118865967
13.400000000000404,2.177156448364258
13.425000000000404,2.1763756275177
13.450000000000404,2.177879810333252
13.475000000000405,2.173954725265503
13.500000000000405,2.1743247509002686
13.525000000000405,2.175109386444092
13.550000000000406,2.1734347343444824
13.575000000000406,2.1762163639068604
13.600000000000406,2.1780569553375244
13.625000000000407,2.177415609359741
13.650000000000407,2.1769914627075195
13.675000000000407,2.1773998737335205
13.700000000000408,2.178102493286133
13.725000000000408,2.176936149597168
13.750000000000409,2.1754205226898193
13.775000000000409,2.176687240600586
13.80000000000041,2.175963878631592
13.82500000000041,2.1759960651397705
13.85000000000041,2.174964189529419
13.87500000000041,2.178223133087158
13.90000000000041,2.176395893096924
13.925000000000411,2.176628828048706
13.950000000000411,2.1767423152923584
13.975000000000412,2.1772711277008057
14.000000000000412,2.1763176918029785
14.025000000000412,2.1782360076904297
14.050000000000413,2.176928997039795
14.075000000000413,2.177643060684204
14.100000000000414,2.1782283782958984
14.125000000000414,2.1765143871307373
14.150000000000414,2.1765029430389404
14.175000000000415,2.1760025024414062
14.200000000000415,2.1766629219055176
14.225000000000415,2.1766273975372314
14.250000000000416,2.174755811691284
14.275000000000416,2.1791937351226807
14.300000000000416,2.178638458251953
14.325000000000417,2.1779913902282715
14.350000000000417,2.1785213947296143
14.375000000000417,2.1774935722351074
14.400000000000418,2.1769237518310547
14.425000000000418,2.176813840866089
14.450000000000419,2.178441047668457
14.475000000000419,2.1754722595214844
14.50000000000042,2.1750385761260986
14.52500000000042,2.17529034614563
14.55000000000042,2.1770565509796143
14.57500000000042,2.1788482666015625
14.60000000000042,2.1778275966644287
14.625000000000421,2.176798105239868
14.650000000000421,2.174870491027832
14.675000000000422,2.177393913269043
14.700000000000422,2.1746373176574707
14.725000000000422,2.1775825023651123
14.750000000000423,2.1758618354797363
14.775000000000423,2.175365447998047
14.800000000000423,2.1783223152160645
14.825000000000424,2.1783335208892822
14.850000000000424,2.174159526824951
14.875000000000425,2.1769859790802
14.900000000000425,2.176154136657715
14.925000000000425,2.177063226699829
14.950000000000426,2.1755075454711914
14.975000000000426,2.1770901679992676
15.0,2.177586078643799
15.125,2.1772360801696777
15.25,2.1785902976989746
15.375,2.1762912273406982
15.5,2.1753673553466797
15.625,2.1768321990966797
15.75,2.178297281265259
15.875,2.1783840656280518
16.0,2.179398536682129
16.125,2.176868200302124
16.25,2.178725004196167
16.375,2.1787092685699463
16.5,2.178483247756958
16.625,2.1772818565368652
16.75,2.1776418685913086
16.875,2.179131269454956
17.0,2.1772544384002686
17.125,2.1760480403900146
17.25,2.178577423095703
17.375,2.178274154663086
17.5,2.1771531105041504
17.625,2.1757075786590576
17.75,2.1770179271698
17.875,2.1770880222320557
18.0,2.1788830757141113
18.125,2.1779463291168213
18.25,2.1778016090393066
18.375,2.175333023071289
18.5,2.1769983768463135
18.625,2.177269458770752
18.75,2.1781435012817383
18.875,2.1784214973449707
19.0,2.1800670623779297
19.125,2.180284261703491
19.25,2.1789629459381104
19.375,2.1770002841949463
19.5,2.1794321537017822
19.625,2.1795237064361572
19.75,2.1788814067840576
19.875,2.1787452697753906
