k,corr
10,0.9219198169188993
11,0.8760690858727809
12,0.8551271159268324
13,0.8491669986417524
14,0.8382467895767229
15,0.8317600170814338
16,0.8355447342687427
17,0.8306777697816811
18,0.8273695239268652
19,0.8282164753166652
20,0.8839816660098647
21,0.9224169257409324
22,0.9336321284422008
23,0.9351689491698959
24,0.9355132893911076
25,0.9381294613204305
26,0.9397839362222336
27,0.9486177689565075
28,0.9506756298753803
29,0.9468845793183283
10,0.9000290865392993
11,0.8547849267520906
12,0.833978031001309
13,0.822462449698504
14,0.8114561964470297
15,0.8177223663508288
16,0.8190892201361528
17,0.8162812224832399
18,0.8124542037850965
19,0.8098692615640543
20,0.8631774819971252
21,0.912091454673892
22,0.9189741476463451
23,0.9271052094288212
24,0.9303396685071086
25,0.9317151982746635
26,0.9270599165205153
27,0.9361940352610507
28,0.9367589921583084
29,0.9356311920929956
10,0.9012753924476591
11,0.8638970424634882
12,0.8387717693571524
13,0.8417590458399434
14,0.8349416955114662
15,0.81228406084902
16,0.800870891254833
17,0.8042481808695632
18,0.8032591626022464
19,0.8028179011313512
20,0.8421538176879503
21,0.8738657547234441
22,0.8682138775529692
23,0.8712671424047131
24,0.8706983807026651
25,0.8715409242861416
26,0.8705771824132503
27,0.8702284966251396
28,0.8697609586914716
29,0.8680590272595253
10,0.9220040610620492
11,0.9005646110973966
12,0.8905253836370519
13,0.8890527248921429
14,0.8856266816359295
15,0.884200244309671
16,0.8800850711915406
17,0.8639666023637693
18,0.8496649131802716
19,0.8494816451468182
20,0.8869039639772979
21,0.9121684557714558
22,0.9138742596706916
23,0.9231162580183975
24,0.9261577449150671
25,0.928060113842921
26,0.93256453649196
27,0.9306590670247623
28,0.9332187140062592
29,0.930073034595063
10,0.9036349000645199
11,0.8501835995722165
12,0.8411822615541844
13,0.8329736716103342
14,0.8152700900408986
15,0.8038018990964757
16,0.8026103124804587
17,0.7992520517731483
18,0.8002285239780699
19,0.8005054324569179
20,0.8577828909330216
21,0.9105849694499696
22,0.901291383528372
23,0.8969573096588956
24,0.8986683760459947
25,0.9033244234983758
26,0.9078676765222268
27,0.9089926642022406
28,0.9080194581700418
29,0.9063994422249968
10,0.9152378705197209
11,0.8732534277955948
12,0.8643064877109878
13,0.8568299152461256
14,0.8458198696210071
15,0.8447040038338802
16,0.844265454665333
17,0.8433908568955129
18,0.8401228193245709
19,0.8336392496586577
20,0.8847147427218633
21,0.9273673590149235
22,0.9377956634750543
23,0.9372619250697752
24,0.9377600024374033
25,0.9379147396491658
26,0.9370669124093229
27,0.9477436187417508
28,0.9493658262215139
29,0.9455125984411046
10,0.9062832270102499
11,0.8596425192807009
12,0.8553350326644054
13,0.8499344645209757
14,0.844265735895776
15,0.8427029968869102
16,0.8419702498405537
17,0.8384243617656887
18,0.837764981347157
19,0.8364569285497818
20,0.8905917524842172
21,0.9253522782406713
22,0.9342470634564984
23,0.9346289962909669
24,0.935850121700871
25,0.9538512327010371
26,0.9528837632953865
27,0.9472696223963368
28,0.944665372340132
29,0.943935833443718
10,0.9297166745819918
11,0.8861465541061927
12,0.86009822021145
13,0.8549775122592079
14,0.8436605199130813
15,0.8435715208759349
16,0.8342346161203684
17,0.8353160824032703
18,0.8345808626936595
19,0.8330581507043415
20,0.8680437662840645
21,0.9067609740967463
22,0.9187660825658963
23,0.923561120625856
24,0.9219947472332104
25,0.9211280125171257
26,0.9214416958733809
27,0.9191410878849545
28,0.9203820220980935
29,0.9238108462135382
10,0.927383892657831
11,0.8768026931563074
12,0.8375934488207626
13,0.8194199288006245
14,0.8035384282250929
15,0.7875007473344143
16,0.7779317946514686
17,0.7798242011648258
18,0.7794240901112129
19,0.7743327879944659
20,0.828689699709362
21,0.883939242504891
22,0.8866001422647655
23,0.8832679786092937
24,0.8816743302160936
25,0.8787625214130756
26,0.8830568482345049
27,0.8792744823812164
28,0.8820928623956561
29,0.8868174936493283
10,0.9064462646269223
11,0.8677517461071675
12,0.8580291583272089
13,0.849961222856713
14,0.8469941271973476
15,0.8426844539767355
16,0.8440142101263556
17,0.8458902275123081
18,0.8422408918309406
19,0.840511289688493
20,0.880888745399982
21,0.9065325842921521
22,0.920882261909423
23,0.9205096386113244
24,0.9205622095768587
25,0.9221684903625814
26,0.9168439011704488
27,0.9168617289196103
28,0.919652798607107
29,0.9248680527404648
10,0.9233690124360306
11,0.8810770200437441
12,0.8561859979302107
13,0.8536368901737801
14,0.8529763525469167
15,0.8551427264171798
16,0.8526890793037121
17,0.8535889552812648
18,0.8470115217326848
19,0.8417748665042021
20,0.8917357233035957
21,0.9373121636925305
22,0.9380891023821782
23,0.9361487723247943
24,0.9298835273212642
25,0.9204128263864295
26,0.9183840051323842
27,0.9209481072496002
28,0.9182133368525461
29,0.9214413210549498
10,0.9095645643428023
11,0.8709812793205117
12,0.8665857387121662
13,0.8642904447724247
14,0.8601610701102395
15,0.8551057578689901
16,0.8525036154025972
17,0.8509466663092304
18,0.8496034107645858
19,0.8495343494900943
20,0.899324448543793
21,0.9458113752324071
22,0.9479025836327081
23,0.9613637726553653
24,0.9598718554802247
25,0.9602323526564807
26,0.9590115107926872
27,0.9588000229597029
28,0.9557814587786092
29,0.9496327374915463
10,0.9168683110416238
11,0.8766561050496129
12,0.857040716540293
13,0.8437522707988091
14,0.8388407413317918
15,0.8302859897702703
16,0.8356575905688471
17,0.8323477990858503
18,0.828275013798408
19,0.8247058784715445
20,0.8758099109286752
21,0.9228896117060543
22,0.9279287412298813
23,0.9323458590528251
24,0.9332197534913972
25,0.9384457332011007
26,0.9395978064457114
27,0.9397044545504173
28,0.9392370696285999
29,0.9354322195887328
10,0.930586083256696
11,0.8941383872486354
12,0.8710235088812164
13,0.8648568700597797
14,0.8605901655252806
15,0.850915746847989
16,0.8494601233474424
17,0.8496726971635354
18,0.8473380882554913
19,0.8454792006751065
20,0.8879216202590913
21,0.9220501522078359
22,0.921224343726796
23,0.9281107795648682
24,0.92685153235978
25,0.9247467302871261
26,0.9217999119622611
27,0.922396452923796
28,0.9188261045905181
29,0.9213612754740902
10,0.9109470277349863
11,0.8482160802702893
12,0.828398576354385
13,0.8161551180274813
14,0.8080287819721432
15,0.8082320846278428
16,0.8062741455852478
17,0.808504519632673
18,0.8053320629888179
19,0.7989203488626907
20,0.8406111362715849
21,0.8854522749953692
22,0.8913611963245198
23,0.8906328617309898
24,0.8998817793088341
25,0.9045762566287328
26,0.9024342871354666
27,0.9055768854127875
28,0.9038873952222615
29,0.9060194967007336
10,0.8983337325855338
11,0.8593091122506298
12,0.8396288235450451
13,0.845459518029189
14,0.8431629999929608
15,0.8406795545093468
16,0.8345159847782512
17,0.829292091009535
18,0.8294094634828335
19,0.8240385300941755
20,0.8689156670637374
21,0.9035225586476487
22,0.9185747749261077
23,0.9212320032937795
24,0.916588511499176
25,0.9133103582044347
26,0.9098689222341017
27,0.9082509986238213
28,0.9138888301503026
29,0.91789501470588
10,0.9324323861062442
11,0.8844377107918205
12,0.8471592014014508
13,0.8338085115452005
14,0.8291321187842765
15,0.8260385062632494
16,0.8163896039420958
17,0.8063199491040536
18,0.8153285965283317
19,0.8079110704957493
20,0.8553463952987899
21,0.8915802834655215
22,0.9053881138332726
23,0.9179135059353744
24,0.9179242849603984
25,0.9249867021252532
26,0.9124998023890842
27,0.902605276553539
28,0.9011169398579234
29,0.9002578926848568
10,0.91164140907584
11,0.8770960717622511
12,0.8625168898292092
13,0.8548871006389691
14,0.8598580296364176
15,0.8581573969681745
16,0.8558757830873291
17,0.8547241921317925
18,0.8441421533831021
19,0.8345061156241387
20,0.8694758725946304
21,0.9005823538749562
22,0.9015125024948987
23,0.9116699647819821
24,0.9206500574753338
25,0.917254391094381
26,0.9106582610346245
27,0.9149671481290904
28,0.9158226924567121
29,0.9164899117428547
10,0.9183892497062889
11,0.8663826604455354
12,0.8332304720443531
13,0.8266985904485514
14,0.8231029567569779
15,0.8185964637508516
16,0.8175515773624223
17,0.8090387845114844
18,0.806904715773787
19,0.8042584209701527
20,0.8524796779889284
21,0.9065663543224713
22,0.9217006366451805
23,0.9271981708201814
24,0.9313490945960312
25,0.9315344128466545
26,0.9321389391449028
27,0.9321100931497263
28,0.9322837960178216
29,0.9342617399178537
10,0.8996406068251861
11,0.8530415783458724
12,0.8388805660069941
13,0.8324303733745758
14,0.829320018957692
15,0.8249511522140132
16,0.8228003266496607
17,0.824200395339928
18,0.8202064993789481
19,0.8220934587701958
20,0.870091526794028
21,0.9080025972622217
22,0.9113945093804887
23,0.9120248355165371
24,0.9139564413904351
25,0.913146102435074
26,0.915638011665374
27,0.9154839697506996
28,0.9132357080180743
29,0.9138094458835943
10,0.9082955121948146
11,0.860294913330271
12,0.8219265543113847
13,0.7947980041922602
14,0.7861181783626187
15,0.7876046977321008
16,0.7808342105527875
17,0.7821980295870361
18,0.77530145765936
19,0.7739332389059715
20,0.831764285336563
21,0.8822648281588892
22,0.8891683730792975
23,0.886403046011584
24,0.8925262226663753
25,0.8908322178785779
26,0.8930805559632814
27,0.89830863801931
28,0.892798400800406
29,0.8903361669115766
10,0.9200259374158655
11,0.8760110410862841
12,0.8543065406719498
13,0.851950988182819
14,0.8444801957358512
15,0.8381345957838923
16,0.8343815403926138
17,0.8319637391076984
18,0.8350423296547907
19,0.8304985165475879
20,0.8729604839998852
21,0.9176438846522409
22,0.9225371085817595
23,0.920177439223683
24,0.9247840838684874
25,0.925640548750593
26,0.9254178292028581
27,0.9341001093142225
28,0.9345327835863735
29,0.9303516840631234
10,0.9138485531221594
11,0.8722879970469698
12,0.857404777130294
13,0.8506333518568876
14,0.8444966000856905
15,0.838958387638731
16,0.8422066985441029
17,0.8444040858862877
18,0.8397330617181803
19,0.8354878784984777
20,0.8847866711683763
21,0.9271053586537639
22,0.9383815117869243
23,0.9407120269412058
24,0.9425524172091236
25,0.9543599995626163
26,0.9556448951769619
27,0.9529136370560618
28,0.9498271034041175
29,0.9553027470639348
10,0.9232385519428787
11,0.8994212656655209
12,0.8898428769220963
13,0.8834225170403581
14,0.8809859843826102
15,0.8794279510944829
16,0.8810843299126638
17,0.8842711174923329
18,0.8789132275009663
19,0.8798369453651252
20,0.9103097635084735
21,0.9405448339903912
22,0.93957442919452
23,0.9365649312691928
24,0.9332842081436545
25,0.9434150746232802
26,0.9363879791335357
27,0.9474879533674884
28,0.9411580190588229
29,0.9400643050793122
10,0.8909574871324022
11,0.8361081123604095
12,0.823024988691329
13,0.8100470990638081
14,0.8020648529925578
15,0.8033293435949709
16,0.8014046655697229
17,0.8014722347067114
18,0.8002734035393531
19,0.8006683112135793
20,0.8541607781059284
21,0.9019912455490117
22,0.9092449350799837
23,0.9239402656837994
24,0.9279265740907444
25,0.9328079822475746
26,0.9296914869513275
27,0.9220907715682627
28,0.921483497396205
29,0.925533624120991
10,0.9132942155114213
11,0.8729441116600325
12,0.8584425220593543
13,0.8489128205141439
14,0.8455992102731272
15,0.8472493885041761
16,0.8466830685036204
17,0.847130686343631
18,0.8491112449472856
19,0.8500054325888249
20,0.8929313234360785
21,0.9361395194941323
22,0.951210494271896
23,0.9521036453813473
24,0.9500537492193791
25,0.9498804081858447
26,0.9524755325037336
27,0.955406865071657
28,0.9560619443553069
29,0.9542571812536252
10,0.8969359001249011
11,0.8649974651786767
12,0.8491767654788521
13,0.8335829196276583
14,0.8330409275895679
15,0.8295213737683793
16,0.8205178796262764
17,0.8178282992996199
18,0.8148522327142546
19,0.815549712830439
20,0.8668099695786893
21,0.9103909712373831
22,0.9211249047331768
23,0.9209215491394875
24,0.9160374441524335
25,0.9209459064849419
26,0.9143081197405957
27,0.9218912752749546
28,0.9143700391257763
29,0.9196599806036865
10,0.9133876734470763
11,0.8643790586273428
12,0.8500925309223358
13,0.8397373971658316
14,0.8338226334772847
15,0.8337337494302199
16,0.8325055671492061
17,0.8284741282437622
18,0.8290792680770913
19,0.8328396187535871
20,0.8736511319131255
21,0.9256441216457965
22,0.9368824185183243
23,0.9359004108567556
24,0.9366397375343734
25,0.9364978637634385
26,0.9366105550991864
27,0.9334308987601803
28,0.9400321912693211
29,0.936601936452005
10,0.9266794942362022
11,0.8966916355353209
12,0.8874291903643294
13,0.8854185810694002
14,0.8764517126695596
15,0.8612836822497429
16,0.8533850783164546
17,0.8516378454037354
18,0.8500184547796369
19,0.8491593342993884
20,0.8904206456299143
21,0.9129010212045736
22,0.9113465338487885
23,0.9159123197713939
24,0.9209411124950858
25,0.916295203478675
26,0.920963599827712
27,0.9112009211763639
28,0.9101667270258018
29,0.9096273908508955
10,0.9206750984734544
11,0.8757783208966063
12,0.8626429311361925
13,0.8600195252805205
14,0.8585571917134894
15,0.8621226969397882
16,0.852601111074204
17,0.8562700068457103
18,0.8559416170292635
19,0.8583358016010685
20,0.8971957146550984
21,0.9335675572709755
22,0.9456340530090136
23,0.9414166615575249
24,0.9394007282838335
25,0.9392320811601312
26,0.9377403792621706
27,0.9454240078596398
28,0.9390562845654316
29,0.9350696925027165
10,0.92306804919933
11,0.8842139628877076
12,0.8766433742062043
13,0.8639164736027555
14,0.8648026170363522
15,0.8584545702426677
16,0.8521475796374596
17,0.8551427739340648
18,0.8491191413576133
19,0.8497937053674602
20,0.8981473183227658
21,0.9348210306248571
22,0.9440617010638649
23,0.9514350509800223
24,0.9450483848622948
25,0.9463196339077236
26,0.9446282245615178
27,0.9352939715763039
28,0.9336587984779022
29,0.9337877534664557
10,0.9090384436741962
11,0.8679753338655214
12,0.8515890366073752
13,0.8428460799051092
14,0.8410920058324256
15,0.8401792591815621
16,0.8344371748852609
17,0.8338515630502835
18,0.8343837858800723
19,0.8343759558070003
20,0.8779776076767061
21,0.9151062159667441
22,0.9177255804346286
23,0.9181833828963477
24,0.9229509081422446
25,0.9223916717380242
26,0.9213887151962711
27,0.9187048328514033
28,0.9236620621216677
29,0.9202547857891575
10,0.9069345327218217
11,0.8629853633195556
12,0.8524854331972348
13,0.8408024671803137
14,0.8361483764660178
15,0.8323170127873052
16,0.8266419740254409
17,0.8277292977397342
18,0.8272617192415451
19,0.8237362420440769
20,0.8966824517333682
21,0.9467626181943647
22,0.9545030806870314
23,0.9541077566684715
24,0.959533291934842
25,0.9613080821051863
26,0.9533896997350905
27,0.9536764817567329
28,0.9552203733114759
29,0.9603244039871204
10,0.8751790924035543
11,0.8278724477012922
12,0.8211868226781945
13,0.8138403118974523
14,0.8068736942616213
15,0.8067100711619328
16,0.8063178705192948
17,0.8052383452189721
18,0.8007674624608943
19,0.7857243972465826
20,0.8362834412091573
21,0.86814926393386
22,0.8709820299180713
23,0.8694340480502829
24,0.8681927502531812
25,0.8728725907801784
26,0.8719326163214228
27,0.8693623009685622
28,0.8641728771455714
29,0.868885091584264
10,0.9316017513143862
11,0.8727249298112925
12,0.8461231064798589
13,0.8319686883794916
14,0.83553946149461
15,0.8207884571526185
16,0.799321271030257
17,0.7902283516025872
18,0.7956399245781569
19,0.7852301751637747
20,0.8382107970733399
21,0.8776492547713082
22,0.8910459728441156
23,0.8936259650695846
24,0.892553875326515
25,0.8902246627792996
26,0.8913973251504806
27,0.8911966454977207
28,0.8902929411143976
29,0.8891450865871613
10,0.9067595142452405
11,0.8516159584817163
12,0.822929753254136
13,0.8076565359538019
14,0.8087904122730641
15,0.80888634047256
16,0.8006608795796095
17,0.7963030146080554
18,0.7961095532076294
19,0.7961847867366421
20,0.8523617379701893
21,0.8922128513269845
22,0.8961603114915052
23,0.8953375022706693
24,0.8994138782724326
25,0.9015595995053143
26,0.9031599956828475
27,0.9139500822733357
28,0.9186914957340295
29,0.9158682869090704
10,0.9008896319911394
11,0.8427047752598286
12,0.8125498059089805
13,0.7953750840494874
14,0.786797262448854
15,0.7710053330589396
16,0.7728317878706579
17,0.7672875878031158
18,0.7648134275993067
19,0.762952125200275
20,0.8211698315731489
21,0.869659400813851
22,0.8761775105224533
23,0.8833108275435165
24,0.8925856871241761
25,0.8865482184532467
26,0.8905925844269241
27,0.8905634155286449
28,0.890747029770603
29,0.8945823936007959
10,0.9137620802202727
11,0.8746633773052421
12,0.8630975915480796
13,0.8611555644190239
14,0.8617378570287524
15,0.8486020441391082
16,0.8513008666333279
17,0.8402627549127424
18,0.8404275041158236
19,0.837979876867454
20,0.8968032211139322
21,0.9305536326585937
22,0.9360460590165101
23,0.9393374826149266
24,0.9363584983741646
25,0.9390012026592576
26,0.9460861261568934
27,0.9511106619341929
28,0.9491859375125964
29,0.9401757488705215
10,0.907293854308538
11,0.8680301902338284
12,0.8477229363700076
13,0.8295332614235669
14,0.8314939686882912
15,0.8299564597119247
16,0.8276612122777711
17,0.8224012623224478
18,0.8192061755523283
19,0.8183013386586797
20,0.8617888564391183
21,0.89395859157386
22,0.9072065796522454
23,0.916290826602056
24,0.9176461540242787
25,0.9157076971012568
26,0.9153125159833537
27,0.9195335615616216
28,0.9156884952763947
29,0.9180164156415171
10,0.8915335931150746
11,0.8501311677928998
12,0.8348854332784592
13,0.8308161556336848
14,0.8248752765195544
15,0.8229860164445425
16,0.8209815680953362
17,0.8190589586065041
18,0.8189532672396134
19,0.8182307101063294
20,0.8680545658949088
21,0.9034478664812957
22,0.9153548663056104
23,0.9165080086205512
24,0.9141388071458868
25,0.9190502522534023
26,0.9153882052179643
27,0.9165608626869849
28,0.9145961106390775
29,0.9139678316086133
10,0.8906212449858313
11,0.8277254450519541
12,0.8147151593825439
13,0.7996663978577365
14,0.7964257342858199
15,0.7963381043277777
16,0.7957957539482552
17,0.7978315654314967
18,0.7977619325345991
19,0.7906465440460076
20,0.8397916836748325
21,0.8971426235475859
22,0.9063012236573627
23,0.9054237127145186
24,0.9049258673081427
25,0.9050840583243172
26,0.9140588508849193
27,0.9195874852823023
28,0.9140482995943078
29,0.9107853020944784
10,0.9242450330492231
11,0.894352489610031
12,0.8663803133936373
13,0.8700515813529639
14,0.8619188588129969
15,0.8650083417429763
16,0.8567827956547047
17,0.8644003339870204
18,0.8546203761818412
19,0.854045021971954
20,0.9005657999377285
21,0.9499348239375562
22,0.9532209736839453
23,0.9539986465846111
24,0.9526889711025112
25,0.9434830245970858
26,0.9543451690571463
27,0.95649621900964
28,0.9507696015428377
29,0.9429891344143815
10,0.903604173773175
11,0.862241276972297
12,0.8530453836475747
13,0.8496635261198253
14,0.8429123673941057
15,0.8253573084449976
16,0.8208667303804622
17,0.822517272527102
18,0.8239443830670234
19,0.8250033698436733
20,0.8823591533402364
21,0.9165919376286155
22,0.9169253640227133
23,0.9279466544820087
24,0.9292260903618942
25,0.9240004319534778
26,0.9231009172653307
27,0.9200192835684865
28,0.918433283122693
29,0.9234626780037877
10,0.8932014946396647
11,0.8470585840872117
12,0.830847358645707
13,0.8289133678929659
14,0.8246036305803954
15,0.8222628962930871
16,0.8199933627038399
17,0.819918247160507
18,0.8183935252329538
19,0.8133949839826867
20,0.860643618531312
21,0.9048412253005551
22,0.9139770616219337
23,0.9120847356633004
24,0.9113121372953323
25,0.9065407245431765
26,0.9100231927865708
27,0.9106882379685273
28,0.9109825669602916
29,0.9162194603426583
10,0.9180498289836091
11,0.8708061011724905
12,0.8621175029738468
13,0.8444236504869979
14,0.832063912582977
15,0.8254247736755775
16,0.8205989850365121
17,0.8214331279999343
18,0.8210398605906939
19,0.8225325521842164
20,0.8624476351783448
21,0.9073307093396522
22,0.9095112891433278
23,0.9064323513091039
24,0.9098287146236874
25,0.9102337060836556
26,0.9051626854550958
27,0.8979587814579256
28,0.896217180049242
29,0.8974611384641902
10,0.9037598664752023
11,0.8668149309555051
12,0.8606282584868842
13,0.8556603790901723
14,0.8563839240301281
15,0.8559611251569912
16,0.8550446171491266
17,0.8446768064377684
18,0.8475012150495556
19,0.847273271390681
20,0.8858059778788073
21,0.9235579966227517
22,0.9205387937958877
23,0.9246342158790284
24,0.9219635085280293
25,0.9258230333414016
26,0.9223206906863654
27,0.9276365707885788
28,0.9218224422501645
29,0.9210261132396503
10,0.9279103942865097
11,0.9003024050365331
12,0.8897072970501924
13,0.8875003956328463
14,0.8874378174287768
15,0.8925376219592744
16,0.8861698487816959
17,0.8805741593781635
18,0.8795387819438332
19,0.8820203177670838
20,0.9224828878861521
21,0.9521214654622018
22,0.9586059042738461
23,0.9631307268414769
24,0.9659688765852341
25,0.9648237996839555
26,0.9639096709353548
27,0.9710171342294306
28,0.9658536594943546
29,0.9592561584039906
10,0.9200350543191809
11,0.8827824653381494
12,0.8615126155336043
13,0.854641844949169
14,0.8492927762685081
15,0.8433416165326264
16,0.8416529804187094
17,0.8420705229297415
18,0.8411028321326335
19,0.8387204121284084
20,0.8874238234660542
21,0.9291466617947627
22,0.9354280595004388
23,0.9416291279357754
24,0.9361669065704603
25,0.9305159531725092
26,0.9395690250905634
27,0.938110119796032
28,0.9416627202558218
29,0.9456900831473798
10,0.9129758923503404
11,0.8715975022463187
12,0.8504273620328593
13,0.8329579177402209
14,0.8290576102000996
15,0.8300260594459525
16,0.8251547120921087
17,0.8198187127151563
18,0.8258563535760779
19,0.8256648007444467
20,0.8691470943853506
21,0.9003246327388672
22,0.9115927313596137
23,0.9056020556585811
24,0.9079805914227279
25,0.9100743924945391
26,0.9076243762123879
27,0.9071051006576706
28,0.905899468377822
29,0.8996924489269462
10,0.9233144020906613
11,0.8845029044631879
12,0.8734301100393616
13,0.8540583915446067
14,0.8466600285734552
15,0.8444974012486405
16,0.8442258590473738
17,0.8332296204262141
18,0.8237199221333291
19,0.8217380311073008
20,0.8682778783790802
21,0.914779715636341
22,0.9159407913197425
23,0.9092167060561718
24,0.9115877388187315
25,0.9124600664135218
26,0.9043071696781299
27,0.9040867354600067
28,0.9030890614326431
29,0.9076973585629853
10,0.9181769817360692
11,0.8661963700109749
12,0.8425218366067246
13,0.8315304908167305
14,0.8180645643328402
15,0.8128823113801056
16,0.8057783111857979
17,0.8122406781362509
18,0.8115647100711529
19,0.8133726387979916
20,0.8499801779530378
21,0.8867759254137457
22,0.8899935901085732
23,0.8870115282257045
24,0.881437279599905
25,0.8824025572392997
26,0.8813582724674311
27,0.8768677871912572
28,0.8760237056639424
29,0.8817787981664988
10,0.9232812146984809
11,0.8879610722874354
12,0.879882150234201
13,0.8751411651245687
14,0.873857929109797
15,0.8709491385592925
16,0.864934349817398
17,0.8581033851204142
18,0.8561272218931439
19,0.8584078139643768
20,0.8843468377359676
21,0.9106221272142003
22,0.9162537411919551
23,0.9187229266460293
24,0.9250180846776633
25,0.9215393215149037
26,0.926897430194475
27,0.923753579471408
28,0.9198889763375817
29,0.9165614494934313
10,0.9187828127367649
11,0.8745446209427866
12,0.855879165910042
13,0.8325688549838475
14,0.8197438049093826
15,0.8003879791483264
16,0.7927112400015598
17,0.7837022162229104
18,0.7759825224508015
19,0.7739871169539578
20,0.824559430578096
21,0.8818141863488783
22,0.890981880807827
23,0.8993248205223899
24,0.8921704010962582
25,0.901318491311798
26,0.9078484687879687
27,0.9071355148009731
28,0.8966593415340821
29,0.8901266184371656
10,0.9298881712931809
11,0.8895014525570145
12,0.8646326271436658
13,0.8504451322550877
14,0.8412933551899788
15,0.8348304921020098
16,0.8336279320605424
17,0.8393154382142562
18,0.8431237933196172
19,0.8350413296568417
20,0.8724957187299143
21,0.9085354935051854
22,0.919086325452987
23,0.9222901388475148
24,0.9223867746625967
25,0.923963183029279
26,0.9224564934684226
27,0.930496624788686
28,0.9303771878200265
29,0.9272028871454003
10,0.915150546858025
11,0.8801476817038791
12,0.8628517122025638
13,0.8332779537199844
14,0.8181303376346059
15,0.8116117523595845
16,0.8108129290120134
17,0.8086810877420978
18,0.8084187441214402
19,0.8057885856251777
20,0.859111516969684
21,0.9099802853824984
22,0.9256434765486075
23,0.9270704232372587
24,0.9233037912418263
25,0.9261329535741172
26,0.9342105749670695
27,0.9265581641904259
28,0.9316358543893613
29,0.9259374426814995
10,0.9012929411927301
11,0.8468025474997039
12,0.8227404784634391
13,0.816349188425311
14,0.8100668979822327
15,0.7929862622618534
16,0.7868938420186645
17,0.7917310787681554
18,0.7863404801414072
19,0.7870340633046051
20,0.8324753007037039
21,0.8747098071524364
22,0.8970356125481637
23,0.9106471195295383
24,0.9136481926464409
25,0.9144582707674896
26,0.9183464811970954
27,0.9162166335868054
28,0.9125289803648494
29,0.9141206859324195
10,0.9382144563164883
11,0.9035370810655593
12,0.8925118021725936
13,0.8847618819631702
14,0.8727399577499421
15,0.858999546877864
16,0.8665136300294721
17,0.8694712956382318
18,0.8649249989483143
19,0.8600424618988978
20,0.8967144369434283
21,0.9391789735205058
22,0.9531020992646019
23,0.9495752272053929
24,0.9538638183675326
25,0.9577731792653841
26,0.9587938297897743
27,0.9579028332134449
28,0.9581083901760659
29,0.9578468716307299
10,0.9345238522981882
11,0.8820125183955367
12,0.8717579276732652
13,0.8669451013099847
14,0.8617396341570466
15,0.8598329159740402
16,0.8577341586591751
17,0.8547035203405656
18,0.8490127146177281
19,0.8480679588700054
20,0.8922935521453427
21,0.9353696164758905
22,0.9432804752424719
23,0.9452811417086938
24,0.94289789778695
25,0.9487312647447652
26,0.9482023688610989
27,0.9492811862743386
28,0.9484419546439297
29,0.9460341920695354
10,0.9009774758340919
11,0.8589553636038761
12,0.8515116681683684
13,0.8414658227007026
14,0.8368780618650227
15,0.8370101452726697
16,0.8385969897394897
17,0.8326186879057378
18,0.8344941761201776
19,0.8337227118105716
20,0.8871221565627806
21,0.9247797627941665
22,0.9338507682944787
23,0.9372150021553981
24,0.9319502372497356
25,0.9292040701661245
26,0.9352404888422233
27,0.9396606583545497
28,0.9377707154216381
29,0.9340832235153131
10,0.9141232964672209
11,0.8783013275531328
12,0.862182866372619
13,0.8551593431894361
14,0.8526596588547306
15,0.8517645219676122
16,0.8544419278215184
17,0.8502803051354949
18,0.8433954121753098
19,0.8395565057275045
20,0.8841623049580678
21,0.9212521513791089
22,0.9227856605441982
23,0.9230268955328033
24,0.922394145670288
25,0.924431450899083
26,0.9249154151799726
27,0.9257383522454885
28,0.9319228372630353
29,0.93068197161566
10,0.9145773005333897
11,0.8769487440151549
12,0.8665174970643846
13,0.8709877428073807
14,0.8620794838448258
15,0.8541542937552705
16,0.8567797861729275
17,0.8607880440147071
18,0.8519790866150899
19,0.8440437477220968
20,0.8850234120461884
21,0.933973125408832
22,0.94242507669737
23,0.935892158628538
24,0.9280237101417039
25,0.9349462527616013
26,0.9276224733622028
27,0.9334576188745155
28,0.9248174954481501
29,0.9208554116838013
10,0.9050009994314323
11,0.8418796252902192
12,0.834174643720835
13,0.831379435998963
14,0.8221322043512498
15,0.8134807866424385
16,0.8053063294241387
17,0.801734097833658
18,0.7927695874901063
19,0.7992535765236403
20,0.8545595433927152
21,0.9027254559506304
22,0.9119789885029921
23,0.9181376025990137
24,0.9238484954209474
25,0.9245156585601517
26,0.9283408851662156
27,0.9295927084564406
28,0.9288881938252216
29,0.9311576590556297
10,0.8998554397664279
11,0.8484322780909853
12,0.8317736211346144
13,0.8149657490305244
14,0.8129117585730004
15,0.81033809054918
16,0.8081264534893352
17,0.8070508559613263
18,0.8054840121696138
19,0.8025755900967801
20,0.8360566469160279
21,0.8684457460006854
22,0.8719648703738777
23,0.8677984684439985
24,0.8671736723480808
25,0.8727194577051588
26,0.8748321667486527
27,0.8825518788229993
28,0.8870332521412116
29,0.8870782151116771
10,0.9007237700072117
11,0.8500955258173043
12,0.841788365651891
13,0.8373735418882797
14,0.8244410835963771
15,0.8138137092202585
16,0.8118774204111162
17,0.7970681900053508
18,0.7957121774966334
19,0.7925694950650546
20,0.8493730134632272
21,0.8943154939273343
22,0.9062010886111992
23,0.9133868214199719
24,0.9150300520604752
25,0.9123963386257345
26,0.9124233736471723
27,0.9045431062358803
28,0.9044838295448079
29,0.9163231714069375
10,0.8878069849123111
11,0.8362732441805004
12,0.8299206682377227
13,0.8227876561661777
14,0.8149812824248824
15,0.810078373570897
16,0.8106066571116454
17,0.8079256056007494
18,0.8088895461147356
19,0.8068282859943384
20,0.8514649994439525
21,0.9097615486294147
22,0.9148407558571122
23,0.9140452227142953
24,0.9105509640676178
25,0.9127608051006408
26,0.9149554924636834
27,0.9237137109953583
28,0.9276052861909243
29,0.9292226525984258
10,0.9132519478371061
11,0.8817585615435156
12,0.8792738947698574
13,0.8775536399135504
14,0.8756768847785592
15,0.8666910581679164
16,0.8550596741185823
17,0.8547637423984142
18,0.8466465794154612
19,0.843388486469081
20,0.8906766469501097
21,0.9218726268637774
22,0.9245153857556684
23,0.931939631328205
24,0.9273442998321709
25,0.921735887647864
26,0.9273789225147457
27,0.9198432218104158
28,0.926293171911329
29,0.922367694841415
10,0.9205623074706125
11,0.8854527586384606
12,0.8624024595353725
13,0.8516816567379151
14,0.8474602320468779
15,0.8470501298408678
16,0.8428511737857465
17,0.8470618953719299
18,0.8385343270519268
19,0.8340645863246443
20,0.8759056131156496
21,0.9097213100423905
22,0.9214268581048618
23,0.9195319113262264
24,0.9151635693360127
25,0.9118846144532367
26,0.918846290337825
27,0.9185290677645469
28,0.9216503310783125
29,0.917777998413464
10,0.9051687296244391
11,0.8576131464527494
12,0.8267200573389211
13,0.8168667603931832
14,0.8118161835676732
15,0.8087469031423096
16,0.8087416914697538
17,0.8067345997132153
18,0.810656477073403
19,0.8074899714936334
20,0.8628845480313295
21,0.8967262370856904
22,0.8966699809082794
23,0.9083803356106095
24,0.9096987650265879
25,0.9126906625923394
26,0.9062080367700178
27,0.9076885942447113
28,0.9043726705917114
29,0.9050687207710864
10,0.9137837595031921
11,0.8688027694746513
12,0.8617353241076107
13,0.8560295591154843
14,0.8552270011086559
15,0.8507636776940017
16,0.8473429218874798
17,0.8419807941107754
18,0.8402681209436368
19,0.8385688183177731
20,0.891181308084076
21,0.9218299151192356
22,0.9229100839233443
23,0.91989265609972
24,0.9166298540260787
25,0.9192353603630696
26,0.9197740268381425
27,0.9234969954307364
28,0.9258973663194189
29,0.9241305341988333
10,0.903225843463988
11,0.8648248685939807
12,0.8501053688456454
13,0.8385170596340192
14,0.8288837425237991
15,0.8187254228064068
16,0.8183625984939464
17,0.8196118580287738
18,0.8130812309718802
19,0.8114181057844887
20,0.8586289839713215
21,0.90828270292123
22,0.9205934967434863
23,0.920872589742863
24,0.9230639521888788
25,0.925448620250726
26,0.9207424178585282
27,0.9233928559006529
28,0.9218686018017527
29,0.9151138274486567
10,0.9123544365177221
11,0.8870290676739769
12,0.8620701543027458
13,0.8655225324951262
14,0.8615802115719855
15,0.8551527842480086
16,0.8498807290926962
17,0.8462001348425927
18,0.8365351088580872
19,0.8409829045479565
20,0.8940311400037789
21,0.9366153315883267
22,0.9326907956613709
23,0.9452059469153038
24,0.9463372425590769
25,0.941370046252364
26,0.946609280758526
27,0.9452590034672846
28,0.9412815029267241
29,0.9392657620735765
10,0.9140257259563143
11,0.8631987968727447
12,0.8450827267522619
13,0.832834115082527
14,0.8213520979074265
15,0.8183509538050193
16,0.8083672336627326
17,0.8081414688735892
18,0.8137494663169045
19,0.8110800518961414
20,0.8678357488884438
21,0.9206705436951591
22,0.9234607197723909
23,0.937232969327036
24,0.938136077837879
25,0.9359864746156263
26,0.9361929554039546
27,0.9355274014764781
28,0.9348756793269042
29,0.9432839420447052
10,0.9025135440561302
11,0.8823642593256643
12,0.874441618083068
13,0.8668714694716353
14,0.8647644631282075
15,0.8558618083983749
16,0.8457024061137439
17,0.845612755034536
18,0.8404645015304121
19,0.8377077920346553
20,0.8784708696392203
21,0.9189593282224731
22,0.9211273726969035
23,0.9200383688929202
24,0.9215943448835787
25,0.9219332746508362
26,0.9217836905140502
27,0.9295344634888851
28,0.927796506085253
29,0.9290598779436499
10,0.9142912905470556
11,0.8781047223688484
12,0.8592781534332277
13,0.8537649904697145
14,0.8462764469114659
15,0.8411652329712161
16,0.8364198445533357
17,0.836409963015261
18,0.8325859981935549
19,0.8240544317407739
20,0.8697426653234732
21,0.909707479588608
22,0.9188905554044512
23,0.9263884645476754
24,0.9287780587097973
25,0.929971650195237
26,0.9283394994343779
27,0.9252425346272795
28,0.9238722468435793
29,0.9285229730039685
10,0.9226049940973183
11,0.8811034100467202
12,0.8614904781653567
13,0.8578304962212806
14,0.8483940589409951
15,0.8391202806267041
16,0.8424973296028128
17,0.833520535487469
18,0.834676038541833
19,0.8331608776265597
20,0.8812919444810033
21,0.91665242120865
22,0.9312947912033908
23,0.9299232994535691
24,0.9265201741193877
25,0.9241142313089139
26,0.9308156457613694
27,0.9362532318473777
28,0.9395343257064986
29,0.9394346584559152
10,0.9078680600750225
11,0.878082945646247
12,0.8621572873913668
13,0.8591558547679282
14,0.8531218203247146
15,0.8449094905230667
16,0.8370732644312687
17,0.8350618340831188
18,0.8341168576159392
19,0.8230595273324178
20,0.8579445859203911
21,0.899474525802745
22,0.8991981733790834
23,0.9021016245005529
24,0.9039352211717088
25,0.9020745662536743
26,0.9052190560282869
27,0.9012280804879561
28,0.9018657517295832
29,0.8957728154332717
10,0.9240043928204612
11,0.8731827966143102
12,0.8613008746537153
13,0.8531875005623502
14,0.8582367694724982
15,0.8541626645725877
16,0.8570062382771285
17,0.8569160050284685
18,0.8569858070344096
19,0.8562281398127445
20,0.8877792473939806
21,0.9240166927918017
22,0.935448000392838
23,0.9349208304476481
24,0.9313826038417995
25,0.9302031862685247
26,0.93537508569352
27,0.9357794486198918
28,0.936206423294412
29,0.935017841851228
10,0.9036130384559783
11,0.8605941124818361
12,0.8500790930553114
13,0.847198267626095
14,0.8352376000041511
15,0.8332304271074225
16,0.8322591479120198
17,0.8301687940374194
18,0.835586861710576
19,0.830120239202973
20,0.8825782448217729
21,0.9248432978857073
22,0.937109723090991
23,0.9347888332671346
24,0.9396769763887363
25,0.9344944960540188
26,0.9289612459966694
27,0.9333991144951087
28,0.934437057785569
29,0.9350511691073672
10,0.9014746422375881
11,0.8664075954039656
12,0.868131220601047
13,0.8580992034567337
14,0.8557949673418491
15,0.8554136088899169
16,0.8526333027404547
17,0.8549766467097146
18,0.8514984902013399
19,0.8447710378912111
20,0.8807317076370627
21,0.9099797494218163
22,0.9142876653177214
23,0.9177458635181903
24,0.9171795833176919
25,0.91749624951923
26,0.9186502497867053
27,0.9166521343937687
28,0.9163695561715202
29,0.9168149024545036
10,0.9363971492384747
11,0.9045840409664221
12,0.8841101923219737
13,0.8710683266489359
14,0.8747548745194773
15,0.8775046391135628
16,0.8794366932357429
17,0.8794257881369744
18,0.8728995175412887
19,0.8647312297442035
20,0.9101703878537117
21,0.9363989387852824
22,0.9340884469136725
23,0.944808625709765
24,0.9373630374785957
25,0.9338780322034241
26,0.932683966843534
27,0.9478384536171796
28,0.9404428431240983
29,0.9347118833584119
10,0.9359621868776792
11,0.8899829574799589
12,0.8793446703259772
13,0.8763428621496887
14,0.8728503015735647
15,0.8712543206021527
16,0.8696352194540461
17,0.8692451039912699
18,0.8732360554991312
19,0.8671097045590448
20,0.9138124784975064
21,0.9476028721578877
22,0.958100537774014
23,0.9559932660467082
24,0.9445832062235768
25,0.9425073178566448
26,0.9437074630924197
27,0.9399226272187461
28,0.9318050364202894
29,0.9289503841005573
10,0.9197350401804053
11,0.8827786448937024
12,0.8658115721379847
13,0.8628686598599021
14,0.8601720432671293
15,0.8557237226661212
16,0.8461447715760766
17,0.841045268633929
18,0.836036054673262
19,0.8355374488210707
20,0.8852099054209536
21,0.9247996899392545
22,0.9326933866271465
23,0.9367939077715126
24,0.9365835967941489
25,0.9440341490497339
26,0.9487537256123886
27,0.9476622875574439
28,0.9396727384405574
29,0.9455714608852471
10,0.8951394454981646
11,0.8664932035095644
12,0.8599366432210516
13,0.860285437349577
14,0.8589267043179992
15,0.8600493720759932
16,0.852836741925206
17,0.8503917774303981
18,0.8512925220208697
19,0.8480370558486963
20,0.8833421538662165
21,0.9015305968678934
22,0.9151622568620716
23,0.9135533808911575
24,0.9065466829524933
25,0.9150164293272803
26,0.9220423671009765
27,0.9189095366120469
28,0.9121252467695861
29,0.9051568728084408
10,0.9177129202067664
11,0.8556097402824262
12,0.8387232869853214
13,0.8283020917196922
14,0.8259830007637439
15,0.8222634581646495
16,0.8180496647813186
17,0.8205585059391753
18,0.8249413595949433
19,0.8241752183482436
20,0.8658047498613662
21,0.9011251157897728
22,0.9103396036732591
23,0.9112759967294011
24,0.9208842053735774
25,0.9277732625499173
26,0.9219396004166859
27,0.9183737789996307
28,0.9118432990627218
29,0.9301486348678838
10,0.8846289422568164
11,0.8316331463747157
12,0.8092046360528424
13,0.8035089845511797
14,0.8021930802671191
15,0.7979961035133215
16,0.7839582932058399
17,0.7699167502935683
18,0.767483394878604
19,0.7669101546549495
20,0.8179765443225764
21,0.8593565163846488
22,0.8688577341757122
23,0.8819827254074013
24,0.8843616397236115
25,0.8895919192907226
26,0.8838435834020876
27,0.8848385903087749
28,0.8855711577611487
29,0.8858973133127522
10,0.9123421161316572
11,0.8714458233042037
12,0.8624229022217401
13,0.8456320360892731
14,0.8306332461774681
15,0.8293652067380812
16,0.8269000634732162
17,0.8229452816730369
18,0.8214406990240158
19,0.8258252467389438
20,0.8714508352319482
21,0.9106099495705882
22,0.9270314934168612
23,0.9395517822849552
24,0.9368145699299795
25,0.9298969060478288
26,0.9321170720158157
27,0.9324655875784262
28,0.9315315157673153
29,0.9318554282065012
10,0.9340375232698829
11,0.8971710526447227
12,0.8765277880476766
13,0.8617257228401115
14,0.8463507165851769
15,0.8308084007642556
16,0.8363877402920015
17,0.833697733939917
18,0.8258761527184542
19,0.8370610530752366
20,0.8871938024218426
21,0.9280101005362589
22,0.9348827156828966
23,0.9428148713497567
24,0.9467785640129748
25,0.9469594982178589
26,0.9414676669539004
27,0.9464786447818749
28,0.9477752917549116
29,0.9395041248994852
10,0.9312718548936898
11,0.8645490739956951
12,0.8354544073578154
13,0.8173381410407264
14,0.8030448402877232
15,0.7990021915370572
16,0.7903997734642739
17,0.7868774306886465
18,0.7858791239639894
19,0.7848750587139992
20,0.8425224132903469
21,0.9145952803201144
22,0.9182059688276372
23,0.9272856262737028
24,0.9277438322241609
25,0.9232955761332022
26,0.9264861339938062
27,0.9184254346920285
28,0.9097098523813753
29,0.9058127720135343
10,0.9174842051209332
11,0.8744036897146603
12,0.8603281016767881
13,0.8354123282405537
14,0.8173829352081252
15,0.814863835056731
16,0.8161431296990894
17,0.80788405272258
18,0.7947354274413633
19,0.788926501897957
20,0.8357743184227833
21,0.8768761816214562
22,0.8839261645717903
23,0.8859744601805482
24,0.8855032502131064
25,0.8854660576184322
26,0.891720257799453
27,0.9032207571983177
28,0.9078814681247618
29,0.9026229037799312
10,0.910065753318575
11,0.8454444090301969
12,0.8204746504321522
13,0.8158382175978239
14,0.8156206958793899
15,0.8158838037802134
16,0.8167404838287421
17,0.8123437952863822
18,0.8067654387065722
19,0.8064503920347079
20,0.8482610289000106
21,0.8887865429652708
22,0.8938614702461137
23,0.9033188732221753
24,0.9079234088532697
25,0.9044251839675594
26,0.9022949383856377
27,0.905260296024581
28,0.9090363896723883
29,0.9044268969876199
10,0.9447576398194162
11,0.9109801039051353
12,0.90711573128589
13,0.904248792444527
14,0.9020985002924814
15,0.9051447251035778
16,0.902684686041766
17,0.9011646570280446
18,0.9003627211033841
19,0.9032342819232282
20,0.9407805557206655
21,0.9718082234867811
22,0.9790151962418788
23,0.9783105692074041
24,0.9776353371302017
25,0.9780473741727895
26,0.9782227537912946
27,0.976241493884719
28,0.9782924309719837
29,0.9790455700403257
10,0.9092526906838057
11,0.866706873501222
12,0.8594102938784985
13,0.8484076959337866
14,0.838329062062189
15,0.8366453096116608
16,0.8290587518910051
17,0.8245996535301259
18,0.8306210664942318
19,0.8238907779500068
20,0.8756557542455947
21,0.9115880122394466
22,0.919036246221754
23,0.9316010822995814
24,0.9356277989568115
25,0.9351613661713106
26,0.936253403033462
27,0.9353983251688683
28,0.9428675043570651
29,0.9430491380215331
10,0.9375546835710157
11,0.8954431296085117
12,0.865714496447284
13,0.8428259226091853
14,0.8281862911976697
15,0.8275711012105658
16,0.817254663878274
17,0.8147411787458478
18,0.8116934764792356
19,0.8199351399089897
20,0.8625232813757627
21,0.8969758836131756
22,0.9021492410224952
23,0.9055547162305148
24,0.9045038281296133
25,0.9069601237127669
26,0.9086584267691095
27,0.9166052555907319
28,0.916234317074788
29,0.9145826003170991
10,0.9197545955488478
11,0.8747309806734884
12,0.8482327734039075
13,0.8370322214566333
14,0.83495933628102
15,0.8335288881178965
16,0.8328658128340463
17,0.8323573034141534
18,0.8337468353960332
19,0.8326439849812324
20,0.8723520786797454
21,0.9129837279995391
22,0.9172836527241719
23,0.9166228933246712
24,0.9157766077514268
25,0.915446050007749
26,0.9117202550501815
27,0.9130111635147274
28,0.9066446207631204
29,0.9036443892899211
10,0.9163089943070377
11,0.8730581124571571
12,0.8612842180559518
13,0.8585480627624384
14,0.8614086414853228
15,0.852593581948982
16,0.8513006157376084
17,0.8512618802387897
18,0.8435980386890602
19,0.843569915376462
20,0.8957022099267521
21,0.9402771448548647
22,0.938897852720506
23,0.9354088234127866
24,0.9456576886234993
25,0.941038767684207
26,0.9344607620489729
27,0.9327636962929136
28,0.931622570538301
29,0.9450664807227589
10,0.9146311185807796
11,0.8606724011186643
12,0.8407902266840555
13,0.8346282858212719
14,0.8301469718462784
15,0.8292528787732463
16,0.8197923316802882
17,0.8130123439048693
18,0.8178634538531483
19,0.8144793169743167
20,0.8628682746524955
21,0.9016569130430293
22,0.9080144666901914
23,0.9078254050449134
24,0.9074090918363323
25,0.9064326570618698
26,0.9120426472599904
27,0.912107958456836
28,0.9077406838133981
29,0.9126351410023066
10,0.9118931130705464
11,0.8737503187740217
12,0.8540642334480196
13,0.8337676197292601
14,0.8250324518532679
15,0.8235847013582986
16,0.820993592676284
17,0.8191612032496366
18,0.8139241475789222
19,0.80960145841746
20,0.8549729294922509
21,0.8891150860175998
22,0.8877951710063346
23,0.8866677309463542
24,0.8862102588569453
25,0.8809510236836238
26,0.8828281940915519
27,0.887584261989289
28,0.8885089682398801
29,0.8871183899903368
10,0.9022925450983749
11,0.8372812909379626
12,0.8280292759374314
13,0.819223086122294
14,0.8142546029916649
15,0.8092102010706135
16,0.8067107655547707
17,0.7997023168278148
18,0.8011082538967453
19,0.7965198333300063
20,0.8501933504699941
21,0.9026400409777118
22,0.9129371579761736
23,0.9114870131717258
24,0.9143701325954525
25,0.9176303036656547
26,0.9276790191063764
27,0.9263274659744261
28,0.9164437697449109
29,0.9220717263974546
10,0.9080255200159233
11,0.8672686406634
12,0.8525905534687229
13,0.8335294295128112
14,0.8279649468413954
15,0.8272006144129362
16,0.8266253589206027
17,0.8301066227958973
18,0.828562491692239
19,0.8186188011235839
20,0.8803373148308932
21,0.9205020031385123
22,0.933580484017382
23,0.9297659693072788
24,0.9241176816344854
25,0.9227303929376399
26,0.9246539290737192
27,0.921888893678503
28,0.9201639388795335
29,0.918368134009906
10,0.9173120495411151
11,0.8766741208957389
12,0.8449678350342527
13,0.8346710812916008
14,0.8328449552795657
15,0.8311415291460704
16,0.8314762803486264
17,0.8311656197457216
18,0.8337130666041365
19,0.8256095940230956
20,0.8647153011717512
21,0.9018508097314465
22,0.9015902161384574
23,0.9025283728927699
24,0.9008610368824256
25,0.8968290741170746
26,0.8982818087428676
27,0.9017634969424503
28,0.9035463199766776
29,0.8987234874595968
10,0.9030499763019566
11,0.8405260231147438
12,0.8188375052714898
13,0.8141314572020051
14,0.8125786039274953
15,0.8099263253541894
16,0.8051648626927006
17,0.801225809089708
18,0.8051893974582065
19,0.8001385198415683
20,0.8486559800483648
21,0.8836339737262817
22,0.8880702252842682
23,0.8907863996195697
24,0.9005337684768122
25,0.9036002672907326
26,0.9031307818932405
27,0.9019817368775611
28,0.9034534168794295
29,0.8990663227778303
10,0.9083607157723466
11,0.8675737154768857
12,0.8559348154877201
13,0.8477608463623314
14,0.8435550805963205
15,0.8411847817855109
16,0.836832739566562
17,0.8347286323156867
18,0.8337743455091697
19,0.8307900145887647
20,0.8799848730682861
21,0.9158355014189373
22,0.9164033235366427
23,0.9204523077600335
24,0.9142388738064117
25,0.9173708431594025
26,0.9132617864787111
27,0.9142229824546322
28,0.9129287056614451
29,0.9118920204724397
10,0.9079513168966237
11,0.8730532673241436
12,0.8504531209595925
13,0.8370684345148411
14,0.8215885490699367
15,0.8202037238273844
16,0.8174732501640923
17,0.8048043373098988
18,0.8008372836659696
19,0.7992541965172255
20,0.8506173407892345
21,0.8893019156998095
22,0.8948428285718568
23,0.9001514088509885
24,0.9109169323035747
25,0.9089340410452138
26,0.9080240069905228
27,0.9030320596840633
28,0.9001765506407395
29,0.9049005361343008
10,0.8969400552767228
11,0.8460497156086253
12,0.84833394836695
13,0.8363024332237317
14,0.8359850451625978
15,0.8354461050727611
16,0.8356994995748354
17,0.8330313834017143
18,0.8194394619969418
19,0.8248756036679301
20,0.8762466159565021
21,0.9172302017837465
22,0.9402818160712926
23,0.9483263882492761
24,0.9473154872946561
25,0.9438135550790054
26,0.9340887921511062
27,0.9314665515014127
28,0.9288929137774083
29,0.9394358823913702
10,0.9031189943645128
11,0.8535639706067151
12,0.8414153805631945
13,0.8350094124899403
14,0.8238744886575915
15,0.8182056230765884
16,0.8139786252932579
17,0.8138478181971317
18,0.8036256293220718
19,0.8001720031995572
20,0.8763546816379337
21,0.9240834808596368
22,0.9339991229085186
23,0.9417934908829115
24,0.9412066663254114
25,0.9393886145373305
26,0.938309217455282
27,0.9415018454431634
28,0.9506286803727215
29,0.9511375515397698
10,0.9364447078105688
11,0.8918365476846931
12,0.8613495699944165
13,0.8495555919395097
14,0.8320533513279228
15,0.8237118375431791
16,0.8125322618042766
17,0.803209239195547
18,0.8071074474160321
19,0.8061824083763742
20,0.8430656827905146
21,0.886648729753073
22,0.9108794180245813
23,0.9245475210017347
24,0.9374334084474301
25,0.9479317188356546
26,0.9398711768841576
27,0.9447602573314402
28,0.940768215540378
29,0.9484021180940185
10,0.9121293307644404
11,0.858620930542223
12,0.8362145158677776
13,0.8299552471739219
14,0.8197320985173647
15,0.8184911253616128
16,0.8148819805170179
17,0.8046450594717719
18,0.8054520346145246
19,0.8090495666037893
20,0.8560078361425608
21,0.9089812684366996
22,0.9168958910466023
23,0.9149830602075939
24,0.9164432534553303
25,0.9252130286666059
26,0.9331454768842541
27,0.9368214819879637
28,0.931468020436909
29,0.9196684401204266
10,0.9188684313211202
11,0.88131599917934
12,0.8690234486026981
13,0.8642679988899262
14,0.8488741429858166
15,0.8489963967525392
16,0.8537692213201055
17,0.8473182997640947
18,0.8396975143875192
19,0.8367421178651255
20,0.8779506945276527
21,0.9013836616898365
22,0.9284555957865521
23,0.9229095123999471
24,0.9300098065164406
25,0.9329292514053185
26,0.9324609831111526
27,0.9301963812480831
28,0.9246335164948245
29,0.9222753561452764
10,0.8979767360737341
11,0.8532601268931772
12,0.8386470197725163
13,0.8235587469026833
14,0.8209598440726958
15,0.8186866912036088
16,0.8119089295219585
17,0.8136709547947849
18,0.811827460532944
19,0.8110726990324485
20,0.8589213253941885
21,0.8961565687631255
22,0.8961029595775265
23,0.8959121856873071
24,0.8959946472624335
25,0.8990556016539877
26,0.900183118676048
27,0.8979815929194388
28,0.8992868930333587
29,0.8989689669639137
10,0.9198440033498295
11,0.8985527109633793
12,0.8891256182233335
13,0.8799536511665564
14,0.8761523384465739
15,0.8726650364093315
16,0.8738825936190271
17,0.8760666980338936
18,0.8704118236864318
19,0.869161481851252
20,0.9203160396064431
21,0.9602435001187505
22,0.9712963814993676
23,0.9680782754245054
24,0.9737684375781068
25,0.9701422105235109
26,0.9646800308959802
27,0.970301050715819
28,0.9722078331713269
29,0.9724886938794057
10,0.9064747123072581
11,0.8553042370391607
12,0.8391779684023047
13,0.8297850758389205
14,0.8216787441998739
15,0.8187015479852437
16,0.8189735074314359
17,0.8160926741775736
18,0.8019887598976355
19,0.8014572386207813
20,0.8551453207960584
21,0.9000512569127104
22,0.8991637397109814
23,0.8986761815191754
24,0.895608528112222
25,0.9036608668812365
26,0.9114020700533063
27,0.911879099436749
28,0.9067254168878071
29,0.9046228488348456
10,0.9064925479529713
11,0.8386541622515622
12,0.8297438411955458
13,0.8210983227649635
14,0.8168151041873115
15,0.8108322101255802
16,0.8077756559704149
17,0.8070440706262074
18,0.8059325690027658
19,0.8038533140626625
20,0.8587650371666141
21,0.9147871795123155
22,0.9323571017032686
23,0.9304641060493168
24,0.927920063145906
25,0.923662710941746
26,0.93095921967208
27,0.9252974964770967
28,0.9223057668696402
29,0.9314540263084403
10,0.9057411145978443
11,0.8620971576428105
12,0.8541294390212879
13,0.851689261571593
14,0.8425927469003236
15,0.8376099540553786
16,0.8299852200152313
17,0.8291363859521036
18,0.8247397187791426
19,0.824224233270316
20,0.8627205446151546
21,0.9004200517100915
22,0.9180897549403012
23,0.922268683846022
24,0.9191041212339698
25,0.9258570802307038
26,0.9256064873983126
27,0.917159587206536
28,0.9253353890572441
29,0.9268209995507404
10,0.8910739875790658
11,0.8471225481342802
12,0.8344212974812839
13,0.8320948620570412
14,0.8291448719642004
15,0.8261343488800288
16,0.8241349388435868
17,0.8247157351057922
18,0.8119351870941512
19,0.8003495256421
20,0.8536275228655553
21,0.8984678784884703
22,0.9147459270051082
23,0.9164317177878797
24,0.9124393501872309
25,0.9176648511350454
26,0.9208261170450012
27,0.914698687397631
28,0.908733838874453
29,0.9144243351201045
10,0.9219588200048386
11,0.8597440735428563
12,0.8357370201819752
13,0.8308929994021297
14,0.8236684174743178
15,0.8156813778941757
16,0.8023674069478728
17,0.7899759750503431
18,0.7838838130231958
19,0.7793993120411357
20,0.826242732980158
21,0.8995087612730662
22,0.9178873263329148
23,0.9255158222484553
24,0.9256101992849339
25,0.927020267101683
26,0.9341012450407906
27,0.934443898703198
28,0.9356735447083361
29,0.9366858974414344
10,0.8960139800438421
11,0.8520181267690571
12,0.8382847480640304
13,0.8313408784272169
14,0.8206268171201522
15,0.8086530589879075
16,0.7978318266262285
17,0.7928534762300311
18,0.7859075909744101
19,0.7878480154677728
20,0.8421670150390111
21,0.8950012186505198
22,0.8972167433119722
23,0.9043117223852353
24,0.9035702221161859
25,0.9080027372670484
26,0.9025234472974342
27,0.9034346700425431
28,0.9074561796681755
29,0.9012406108764293
10,0.8672624497984355
11,0.813167443755533
12,0.807846220987944
13,0.7973110051238813
14,0.7951846066520466
15,0.7911774255574472
16,0.7949035196644534
17,0.7899784068565736
18,0.784880168191533
19,0.7787457696553794
20,0.8279596562703206
21,0.8728904340703931
22,0.8818845426025547
23,0.8895573911843716
24,0.88915276841769
25,0.8869426813851214
26,0.885234794543351
27,0.8914334090727426
28,0.8853536006552007
29,0.8908973690997458
10,0.9332077627648256
11,0.9002500006322695
12,0.8888146300359214
13,0.877923138314428
14,0.8762483199751913
15,0.8759418156339125
16,0.8736642920192216
17,0.8730510034439988
18,0.8734911748134998
19,0.8732952037247699
20,0.9165581593533698
21,0.9455620997414529
22,0.9499288059033404
23,0.9534063351798269
24,0.9511307031913608
25,0.953295681510603
26,0.9517286001853762
27,0.9469606416664231
28,0.9436423056540881
29,0.9400172721742118
10,0.9045970257689099
11,0.8714145893529895
12,0.8647509937428295
13,0.8552440441722183
14,0.8484755809693951
15,0.8382897389403183
16,0.8386405126590217
17,0.8327612223397445
18,0.8345787375809488
19,0.834617090308263
20,0.8806208622677983
21,0.9199850233581726
22,0.9228472468983606
23,0.9374359772020606
24,0.9440362356144298
25,0.9346391940916259
26,0.9332940751772384
27,0.9384639724876788
28,0.9426086711517833
29,0.9408043830640962
10,0.9057815562886736
11,0.8624348293697917
12,0.845987460849793
13,0.8389561165136128
14,0.8367017059442589
15,0.8379846367156485
16,0.835857959114253
17,0.8254868660963381
18,0.8203076036357884
19,0.8136704727028432
20,0.865819409904842
21,0.9116186310358995
22,0.9290957098135543
23,0.9285916219678185
24,0.9308545683153012
25,0.925611852616807
26,0.9284114428461807
27,0.9265027663911752
28,0.9309934767755894
29,0.9332561422554047
